marea_id,number_of_calas,total_catch
146180,3,90
146844,2,60
148172,6,550
144637,2,60
147554,2,100
144614,3,140
147700,1,35
144683,3,210
146011,4,300
144760,2,220
145347,3,120
146675,2,30
144660,3,110
144783,3,340
145988,2,120
145324,2,420
146326,3,130
145447,1,30
146990,1,10
144806,2,110
144142,1,10
148713,6,300
146134,2,120
147631,3,165
145639,1,10
145470,2,15
146303,3,370
146721,2,30
148049,3,70
144952,2,60
147362,1,0
145616,1,40
146821,4,380
145493,3,390
146157,1,30
146280,3,68
146034,3,60
146698,3,300
148026,1,70
144265,1,170
145593,5,400
144514,1,5
145842,3,210
148510,2,30
144906,2,110
146529,2,25
148072,2,120
144219,3,290
144468,2,200
148464,3,80
145155,2,110
147823,6,400
145009,2,150
144322,1,150
144176,1,119
147259,1,15
147757,4,210
144199,2,150
145908,2,380
146406,4,65
145244,1,310
144391,2,190
148633,1,30
146383,7,510
144368,2,110
145032,2,40
145573,2,310
144909,2,270
147282,2,100
146618,1,70
144932,1,20
146426,3,170
145175,1,120
147090,2,380
146924,6,420
145785,2,130
148613,1,0
146449,3,130
146283,3,65
148490,1,25
147949,3,360
145052,1,380
145716,2,300
145885,1,105
147216,2,70
146306,3,300
146549,1,30
144534,5,195
145075,2,330
147239,2,300
146575,2,90
147780,2,140
145344,2,70
144242,1,105
144703,2,300
144740,1,50
147408,3,410
145865,3,80
148533,1,25
146718,2,180
145473,3,120
147800,2,40
144491,1,70
147159,3,240
145536,3,230
146114,2,90
146077,1,100
148092,2,80
145281,2,35
147992,2,70
146014,3,300
146346,2,75
147365,1,10
148029,4,260
144308,3,85
145304,1,100
145636,6,340
146300,1,25
146632,1,30
145327,3,240
147319,4,300
146323,3,250
146177,1,20
144849,1,20
146841,2,90
144826,1,20
144162,3,33
144285,3,220
145613,1,50
146154,3,100
146824,1,80
144634,2,240
144139,4,44
148052,3,35
144657,1,45
148075,1,50
144680,4,240
144763,1,30
146091,1,15
148012,4,170
144371,2,100
145072,2,380
145367,3,70
147574,6,420
147906,2,130
145805,3,160
147714,1,30
147382,1,30
146386,1,75
147860,1,15
144179,3,400
145264,1,55
147428,2,320
145845,1,90
148507,1,5
147173,2,60
144617,1,70
145951,2,130
147279,5,310
145158,1,130
146492,3,80
147820,6,290
148115,2,35
144225,2,85
147471,2,80
145931,2,80
146927,3,150
144912,3,200
144531,3,80
147236,3,380
144222,2,105
144723,2,90
146715,2,70
144700,1,70
146237,1,70
146950,2,50
147946,4,240
146260,4,240
147926,1,10
147777,2,70
145888,1,50
145221,2,50
148467,3,160
146970,2,50
145911,1,20
148444,1,30
146452,1,110
146993,2,35
147903,3,80
148616,2,45
146174,1,25
144551,2,120
146472,2,70
146801,1,60
147883,2,180
147797,2,45
144159,2,30
144786,2,20
145782,2,50
147405,2,130
145868,3,70
146409,2,60
148487,2,60
146864,2,300
144594,3,280
145092,1,30
147256,1,150
147299,2,80
146217,1,15
144202,3,150
145825,3,370
147448,2,80
146366,3,120
145284,1,95
148530,1,50
146907,2,120
147989,1,30
145848,4,360
147176,4,110
146512,2,140
146535,1,100
147199,2,30
147863,2,70
144305,2,100
144969,2,40
145633,1,90
147222,5,240
147886,2,90
144946,1,20
144282,3,240
148573,1,40
148032,4,170
144182,3,290
145510,2,170
147763,4,400
144574,1,25
146197,3,70
147076,3,60
144136,3,36
147468,2,30
144823,3,95
144428,1,20
144766,3,60
145015,3,135
148009,3,250
146094,1,10
146930,1,80
145115,2,60
145994,2,95
147322,1,80
145656,1,85
144720,2,20
144474,2,100
145307,2,45
145556,4,330
145802,1,60
146389,4,90
146635,1,20
146884,8,350
144620,3,270
145948,2,120
145161,1,380
146489,1,30
145407,5,100
146243,2,65
147425,4,380
146761,2,40
144697,2,330
145410,1,20
147402,3,140
146904,2,90
144554,1,25
145387,3,85
146051,2,100
144577,4,130
148278,1,25
147614,1,10
144677,2,200
148447,2,60
144385,2,90
148470,1,20
144348,2,370
144597,1,15
145095,3,130
147929,2,80
146363,3,200
148570,3,80
146861,2,390
146469,3,140
146555,3,60
146804,1,250
144454,3,330
144405,1,50
147196,1,90
145487,2,85
147737,4,270
147345,3,70
145430,2,70
145928,3,260
147843,1,50
144156,4,44
145822,4,300
145779,1,45
147445,1,50
146320,2,120
148484,1,20
147943,3,570
147986,1,50
144889,3,130
147302,4,370
145138,3,120
145971,4,120
146220,1,40
147053,1,20
148135,3,170
144448,2,330
146071,1,70
144989,3,300
146612,1,120
145530,1,160
147153,3,160
146678,2,90
147010,1,60
148006,3,255
144640,3,170
144972,2,70
145968,4,100
144995,2,20
145991,2,120
145659,7,410
146987,1,85
144262,3,280
144926,1,20
146847,2,60
145513,1,60
144949,2,70
145490,3,420
146160,1,15
144803,1,40
145467,1,50
147388,2,90
144239,3,340
144780,2,240
145321,5,160
148739,7,400
144431,1,20
145012,3,75
146008,2,40
145404,2,60
147133,1,90
147465,3,120
147219,2,340
146137,1,90
148547,1,15
145118,1,40
146446,2,65
146200,1,10
148069,8,390
147179,2,90
146592,1,190
145945,1,70
146486,3,65
144717,1,110
144471,2,240
146638,1,25
145553,1,65
147720,4,70
144866,3,60
144325,1,40
147325,4,155
146784,3,200
147866,1,50
148112,2,50
146097,2,190
146595,2,15
147093,3,70
148089,2,50
145078,4,140
144365,2,30
144863,2,80
146572,2,55
145576,2,80
146074,2,70
147070,2,220
145055,1,230
147305,2,100
145905,2,60
145364,5,340
148610,2,35
145098,4,120
147262,1,40
145596,1,50
147760,4,380
145619,3,40
147783,2,260
144388,2,170
146552,2,130
147634,2,60
147803,1,130
145862,1,40
146403,3,100
148567,2,40
144929,1,40
145925,2,230
147846,3,80
144537,4,150
144408,2,75
145035,5,0
145533,1,120
147242,2,40
146031,3,50
147740,2,50
148736,7,380
145141,2,40
146223,3,180
147050,2,80
148132,4,130
144345,3,160
144843,3,90
146509,2,50
146764,1,65
144494,1,30
148779,2,100
144451,1,290
144992,5,200
146658,1,110
146117,1,300
147156,2,180
144302,3,190
146466,3,100
148630,2,90
145384,2,90
144188,3,380
144852,1,50
147105,3,280
145516,2,70
147769,3,100
144875,2,90
144211,2,110
146418,2,85
147082,3,100
147746,2,120
145562,1,50
144898,3,90
146395,1,38
146226,1,25
147723,7,300
147577,3,140
145044,1,190
145585,2,240
146372,3,220
146249,1,60
144357,3,90
145021,2,200
146349,2,80
145662,6,260
144998,1,130
144311,1,40
144729,2,60
145393,1,5
146057,3,65
144829,6,300
144165,3,36
144288,5,220
144706,1,220
145370,3,335
146103,2,90
147431,2,320
145854,1,90
147182,3,50
145416,2,230
146541,3,30
147869,1,110
144480,6,280
145808,6,280
147477,3,240
146495,2,40
148118,4,300
148602,1,0
146687,1,60
148015,2,40
146000,2,30
147328,2,105
147623,2,95
148164,1,20
147228,1,75
148061,3,160
147374,2,85
148456,2,60
147915,3,110
145101,3,85
144603,4,110
147520,3,200
148184,2,100
148705,10,370
148041,3,60
147308,1,90
145977,4,240
147972,4,130
144626,2,130
147331,2,70
146667,1,80
144268,1,70
144434,1,15
145934,1,30
148513,4,70
147849,1,250
145834,2,190
145957,1,80
146498,2,80
145642,2,20
146475,1,40
147139,4,100
144583,2,65
144460,1,120
145001,2,100
145124,1,10
145665,1,20
146518,1,20
146767,2,130
147016,1,20
144752,1,45
146375,6,400
145877,2,30
148582,1,40
146910,3,150
144895,3,85
148476,1,40
148141,4,200
144503,2,25
147208,2,50
146126,1,100
147749,2,30
147351,1,60
145436,4,400
144795,2,120
147451,1,80
147500,3,300
145336,2,50
146959,2,300
146810,2,120
147643,1,70
147892,2,50
147743,5,450
144354,2,70
145018,1,50
147271,1,80
145350,1,40
147935,1,15
146369,6,300
145041,2,120
147248,1,5
146037,1,45
144331,1,130
147958,4,100
144191,2,90
145519,1,45
145496,4,200
144732,2,57
147557,2,100
146060,3,220
146229,2,200
146083,3,400
145542,2,70
146747,1,20
146206,1,40
145605,1,75
146684,1,35
146578,3,120
144563,2,190
144477,2,220
145559,3,300
144809,2,95
145891,3,120
147812,3,140
147726,1,25
147417,1,10
145413,3,75
148745,1,100
148499,1,30
146876,4,380
144523,1,40
146100,3,60
146189,1,80
147766,2,160
145064,3,50
147225,2,300
146143,2,15
146146,4,510
144669,3,60
144128,3,30
145210,1,15
145997,2,90
146538,1,140
146292,2,380
146833,1,20
145456,3,130
144437,3,90
144935,2,50
147354,2,100
145433,1,80
147852,1,40
144414,4,45
147875,5,550
144649,1,200
145645,2,45
145954,4,340
146335,3,180
144606,2,130
145104,2,90
144457,2,330
145127,3,70
144955,3,60
147162,3,110
145668,2,35
146621,1,30
147832,4,80
145147,2,30
144978,3,105
147311,4,190
147142,2,240
146601,1,80
147597,4,360
144586,2,135
145084,2,120
145582,2,250
147205,1,50
146080,2,50
146707,1,120
147703,4,120
144394,1,60
145476,2,100
146813,2,150
147895,2,115
144351,3,110
148436,2,40
146515,1,40
144500,1,100
145625,2,70
146166,2,100
146664,1,400
146123,2,80
144892,3,60
145974,2,65
147056,3,300
148138,3,60
144520,2,30
147437,1,70
145184,3,60
144543,1,30
147414,2,250
148078,3,290
144566,2,60
145894,2,35
147391,3,330
146727,2,40
146558,2,50
146063,1,120
148055,2,40
147368,4,140
145376,3,150
146581,1,30
146040,3,95
147245,3,110
147909,1,50
147932,3,80
148596,2,50
146604,1,40
147291,4,220
147955,5,190
148619,1,7
147978,1,20
148124,1,0
145107,2,80
147514,2,45
146435,1,240
146186,2,200
144420,1,40
144812,2,80
146140,1,25
147809,2,80
148450,3,90
145499,1,40
146827,1,80
144274,3,210
145353,1,20
145602,1,70
144666,3,90
144125,4,60
144961,1,25
146289,4,340
144228,2,100
145061,2,90
144374,3,65
144915,1,50
144769,2,290
145599,3,230
147188,2,70
147686,2,20
144248,3,320
148539,2,120
144981,2,100
145648,1,120
146312,2,400
146973,1,50
144958,3,30
145622,2,40
144440,2,30
148519,2,50
146355,2,90
146432,2,40
145791,3,90
146332,2,190
148496,1,30
146996,1,80
147998,4,210
145814,2,130
146647,2,160
147729,2,90
147806,2,100
147288,3,60
147165,4,80
147829,1,30
145771,1,50
145273,2,320
145522,4,100
146020,2,220
144205,3,230
146412,2,120
148035,7,240
144148,3,33
147394,2,110
147145,1,90
148227,2,90
144540,2,90
145081,4,140
146163,1,30
147786,2,120
144689,2,110
145187,1,190
144938,4,70
146853,4,50
145287,1,240
145330,1,90
144789,1,70
144646,1,30
144397,3,200
145479,2,65
146561,1,40
144497,1,180
145038,3,105
145579,2,310
147202,9,285
146120,2,80
146661,1,40
144686,1,30
148599,1,0
144709,1,100
147580,1,20
145373,1,85
146584,2,140
148576,2,150
146916,5,330
147912,2,160
144663,3,280
144185,4,230
144855,1,15
147434,2,70
146106,1,60
146183,1,50
144168,4,476
144832,1,30
147457,6,270
148121,4,160
146724,1,30
146893,7,400
144878,1,40
145419,4,95
146870,1,55
145937,2,200
147265,5,400
145356,3,150
146352,1,30
145250,2,130
144918,2,60
147371,1,30
146043,2,120
146246,2,110
145058,2,60
144726,2,290
148559,1,35
144122,4,44
144517,2,60
145851,1,50
144772,1,60
147517,2,290
146438,1,20
144623,3,160
145502,2,105
145164,1,420
145459,3,90
148453,2,35
146830,3,100
144815,4,360
145310,2,180
145897,3,45
147474,2,200
146392,2,60
146979,2,40
144271,1,110
148516,1,30
144580,1,40
145313,2,60
145980,5,100
146309,2,80
146976,1,80
144294,1,10
145290,2,180
146286,2,35
146999,1,15
147995,2,30
145270,2,360
147019,1,90
146521,2,40
145121,3,70
147285,5,300
147826,2,110
146478,1,40
145247,2,350
145788,1,110
146501,2,100
148493,2,40
145439,4,340
147348,2,270
146850,1,170
144145,1,11
148473,2,40
148144,4,180
144208,4,430
144749,2,110
144835,1,20
145831,1,70
147454,3,450
148536,2,70
144600,3,120
144643,3,90
146807,2,80
144792,3,220
144251,4,340
145333,1,90
146415,1,90
145874,2,55
148579,1,30
146956,2,110
148038,4,350
145113,5,400
144449,2,270
145777,1,20
146441,1,65
145090,3,70
144403,1,35
144234,2,180
145067,1,60
147320,7,300
147984,3,90
144257,3,380
144380,2,90
144921,4,66
148007,3,250
144526,2,85
144775,1,30
148107,3,60
147420,1,90
146092,1,30
147715,3,160
144821,2,75
148153,1,60
144134,4,48
147466,2,30
145462,1,50
148548,2,110
144280,1,40
145946,1,10
145359,3,100
147523,1,80
147861,1,30
144967,3,30
145508,3,360
148502,2,10
146633,1,20
146836,2,60
147174,2,70
147961,4,210
145405,1,15
146487,1,60
145654,2,65
145900,2,45
146733,2,280
146982,1,20
147815,2,50
144718,3,190
145800,2,110
146046,3,70
145259,4,65
146587,2,100
146341,4,105
144864,2,180
146690,2,110
145528,1,95
146026,1,40
145385,3,380
146049,2,105
146879,3,70
144652,1,120
145316,1,50
147735,3,360
147071,5,210
146238,1,50
144675,1,50
147712,2,105
145857,2,55
144483,4,360
148568,2,120
144360,2,75
147443,4,110
147941,5,720
144254,3,100
145926,3,130
148084,3,140
145820,2,30
145485,2,85
146567,1,30
144552,2,110
145093,2,40
147835,3,105
144695,2,40
144944,1,25
146610,2,110
146361,1,65
146859,3,290
144303,2,180
146461,4,140
144844,2,200
146467,3,120
147002,2,25
148625,2,125
144154,3,36
144987,3,150
146069,2,50
146318,2,250
148482,2,50
147151,2,150
145087,2,190
146169,2,30
147251,2,30
147300,3,310
146759,3,40
146710,1,40
147792,3,90
147841,2,70
144947,1,55
145943,1,15
146275,3,70
146939,2,310
144260,3,60
144924,2,100
146252,2,50
145989,2,40
146653,1,90
146985,1,20
147981,1,90
145966,2,35
146962,1,70
144778,1,50
147440,1,30
146112,4,350
145465,6,380
147463,4,480
148127,2,40
144237,3,170
144214,1,110
144755,2,290
147632,3,70
144609,3,230
144277,4,290
146530,2,100
148605,3,40
144715,3,150
144383,2,130
146590,1,50
148545,1,20
147918,1,15
145903,2,80
146398,2,90
144861,3,50
146444,1,70
148110,2,130
144131,2,20
144174,3,357
144469,1,70
145010,2,90
145797,1,180
146338,3,90
148459,3,90
147131,2,160
144818,3,150
148064,3,170
145362,4,130
146358,2,140
146856,1,30
148777,2,65
147377,1,90
144320,1,220
146570,1,50
148067,4,200
144343,1,60
145339,1,30
148044,4,120
144363,1,20
146029,2,30
144629,2,190
147334,1,50
145319,4,340
146401,3,250
147068,2,50
148565,1,55
144386,4,320
146550,1,150
145296,3,170
145837,1,50
146378,1,70
148542,1,0
147091,1,60
144194,1,200
144692,2,150
148522,1,10
146613,2,100
147111,1,300
144406,2,80
148734,6,320
145817,4,300
145488,2,70
146899,2,30
144884,2,30
144798,2,180
146421,1,100
145880,1,85
145425,2,70
146507,2,50
148130,2,40
145774,1,15
145531,2,170
147938,1,15
144151,3,36
146315,2,40
146072,1,40
144990,5,100
147154,3,240
147397,3,100
148479,2,115
144300,1,125
144841,3,105
145923,3,120
145382,2,70
146464,2,40
148087,1,50
144781,3,340
145445,2,40
146109,3,130
146773,2,200
144758,1,150
145422,2,110
146086,2,420
144735,1,10
145399,1,80
147652,1,20
144589,3,95
144712,3,100
145253,3,280
144612,4,200
145940,2,80
147529,1,90
148193,1,40
145276,1,70
146278,4,100
147606,4,240
144635,3,175
145299,2,75
146301,3,170
146627,2,90
146842,1,80
145963,2,110
146965,1,30
148170,3,380
144240,2,350
144904,5,250
145322,5,500
147314,1,40
145568,2,60
146650,2,40
146155,3,65
145986,1,45
146232,4,90
146819,2,130
146132,3,110
147460,3,75
147337,1,35
146673,3,150
145468,3,300
145591,4,300
146255,4,75
146796,3,280
146919,1,60
148001,3,120
144858,1,90
146696,2,85
147775,2,110
148024,4,210
144217,3,360
148711,5,535
147383,1,80
147088,2,400
145545,3,85
145153,3,80
146481,1,20
148070,3,150
144171,2,18
145794,1,110
148462,6,135
144532,3,60
145030,2,430
146547,3,95
146381,1,30
145883,1,25
147045,2,90
148090,3,70
144317,2,90
148562,1,10
148731,4,220
147898,2,50
145007,2,80
147380,2,85
147257,1,80
146716,3,190
145671,1,105
147921,2,40
147357,3,55
145863,2,200
147855,2,15
147778,2,90
148021,5,210
144340,2,360
145342,4,270
145840,4,250
146504,3,150
146006,4,400
145150,2,25
145983,1,90
145073,1,220
146404,2,70
147237,4,510
145173,4,330
144632,2,150
145050,1,380
144509,1,70
145714,2,90
147755,4,250
147878,8,280
148190,4,130
148439,1,30
144881,1,20
145379,2,85
146424,1,30
148047,2,100
144489,4,110
144738,2,75
145571,2,310
146816,3,140
145130,2,90
146212,3,300
146753,1,15
146175,3,60
147798,3,70
144197,3,250
144297,3,130
144838,3,30
148631,2,80
147008,1,70
144546,1,80
144615,3,90
145611,1,25
145279,1,200
146607,1,140
145588,3,220
147317,3,130
146321,1,200
145302,2,85
147294,2,25
145634,3,85
146298,2,300
147626,3,105
145442,1,150
148027,4,120
148104,7,400
147340,4,400
146129,1,45
146799,2,280
145024,3,570
147277,6,250
147858,3,50
145070,2,80
146152,2,25
145156,4,300
147231,5,230
146235,3,110
146544,1,60
145843,2,200
146089,1,20
144761,3,130
145216,1,200
147171,1,0
146839,2,60
145548,3,130
148167,2,40
145110,2,30
147772,2,180
144569,3,80
145651,7,300
147818,2,15
144177,1,11
144423,4,380
145505,1,50
144964,1,80
147423,5,300
148751,3,150
148505,4,110
147964,1,140
144698,2,110
145717,2,260
147211,3,400
146215,2,330
146713,2,80
147709,1,10
147924,3,50
144984,3,0
147234,5,300
147403,3,150
148230,2,70
148708,7,390
146003,1,45
146384,2,210
144529,4,380
147191,1,30
145027,2,140
146693,3,250
148442,1,20
144463,2,150
144506,1,20
145004,3,120
148465,2,80
146670,1,20
147168,2,70
144486,1,320
144655,2,85
147732,7,600
147901,1,15
144443,2,70
144941,1,100
147360,5,270
146862,6,220
148273,1,20
144549,6,300
145047,1,380
147254,2,80
146258,4,105
146756,1,40
147881,2,110
147752,3,440
144157,1,119
146066,2,110
148485,1,10
147148,4,300
145525,3,80
146023,3,140
147944,3,380
145631,1,10
146172,2,15
147297,7,300
145133,1,15
147838,2,40
147795,2,60
144400,2,130
146564,1,30
145482,3,70
146038,1,40
147366,3,300
146702,2,270
148030,1,20
147389,2,90
146725,1,20
148053,3,65
144664,1,105
145328,3,300
145992,1,150
146656,2,50
146015,2,50
147343,1,15
145351,2,30
146679,1,20
147535,3,230
146848,2,40
146184,2,50
148740,4,310
148076,3,300
144123,2,30
144372,3,190
145451,2,150
147953,4,330
144764,1,95
145059,3,75
147266,5,400
146387,3,300
147074,5,390
146579,2,60
145497,1,190
146825,1,60
147907,2,80
144810,3,150
146433,1,70
145892,3,100
147220,2,65
146138,2,90
147761,2,300
144618,2,60
144867,3,160
146533,2,45
144180,3,270
145846,2,110
145305,2,220
144913,3,210
144326,4,150
145159,1,370
146241,3,95
144226,3,35
144472,1,110
145013,2,80
145554,1,150
146453,3,100
148445,5,120
146287,2,18
146951,2,35
144223,1,105
146430,2,30
146928,2,100
145079,6,350
144246,4,310
144415,1,25
146261,3,60
144956,2,20
147286,3,180
145620,2,85
147784,3,110
146971,2,280
147635,2,30
145912,1,30
148494,2,50
146994,1,45
147904,2,50
147827,2,80
147263,1,90
148468,1,25
147804,2,70
147927,2,60
144538,3,210
144787,3,100
145036,2,30
145285,1,85
148617,1,20
146553,1,130
145428,1,25
147051,3,110
148096,2,200
146161,3,55
147243,1,20
146410,2,80
146802,1,75
147884,2,80
144203,2,300
144452,2,200
148033,4,180
145869,1,25
146118,3,70
144346,2,400
145969,3,85
146510,1,120
148133,2,100
144744,1,25
144495,2,200
145826,4,250
145577,1,150
146659,1,70
144644,2,115
144595,3,250
145185,3,95
146218,1,80
146868,3,290
148196,2,60
147864,1,65
146891,2,350
147887,3,60
144661,2,100
144993,3,120
145657,3,105
147578,1,50
147910,4,160
144638,1,40
144970,2,100
148056,7,500
144120,3,33
145371,4,250
145448,1,40
146699,2,70
144684,3,350
144143,2,24
146350,3,130
146135,3,160
146676,1,20
148737,5,290
144830,2,95
147409,4,250
146327,2,330
147655,5,315
146181,1,5
147386,3,320
146304,3,240
146845,2,45
144621,2,110
148451,3,75
146198,1,20
148119,6,340
147432,2,60
147217,2,40
144907,2,55
144575,2,50
146496,1,25
147824,6,250
144183,2,280
144429,1,50
147515,1,150
148511,2,60
145511,1,80
145116,1,40
145703,2,60
146782,2,65
147323,2,185
145162,2,280
146244,3,50
144767,5,270
145849,6,390
145308,1,230
146636,1,110
146095,3,200
146390,2,50
147177,2,230
146931,1,30
147718,7,520
148259,1,0
147781,2,100
144555,2,110
145268,1,20
147260,1,40
145053,1,330
146264,3,300
146762,3,110
147758,4,145
144578,1,30
145574,1,330
147993,2,70
144269,2,100
146052,3,105
146974,1,60
144535,2,160
146284,5,400
145786,2,150
148448,2,90
147950,3,80
144512,5,410
145809,4,210
148514,1,15
148471,2,40
147801,9,300
147973,2,70
145245,2,180
145076,3,60
148491,2,80
147240,1,10
144206,3,240
144704,1,190
145617,3,80
146115,3,120
148534,2,130
148036,3,110
144598,1,20
145096,6,450
146221,3,120
147930,2,30
144492,4,290
145829,4,340
147738,3,120
145033,3,105
147452,2,80
147197,2,50
146954,2,190
144641,1,90
145680,4,230
147346,7,350
147303,1,25
145139,3,90
146805,3,65
147844,1,50
147495,1,140
146370,6,320
147721,2,30
144996,2,60
146324,2,150
145660,2,35
146988,1,25
146347,1,100
147011,2,130
144950,2,120
144286,2,80
146201,3,50
144873,3,150
145537,2,130
146865,3,380
144186,3,150
144850,2,150
144309,2,60
145637,2,25
146178,2,35
144973,2,40
145514,2,95
144658,1,15
144163,1,12
144827,2,60
145491,4,95
144681,1,30
144140,5,60
144263,3,120
144804,1,20
145345,1,20
145119,2,75
146447,2,150
145368,4,140
144432,1,85
144727,2,90
146055,1,95
146493,3,160
145414,2,55
147575,5,310
147821,1,50
145806,1,40
147429,3,400
147134,3,300
148757,1,80
145952,1,15
147280,3,110
147867,1,30
148116,2,20
146639,2,400
148508,3,45
147180,1,60
147326,2,110
148013,3,50
148554,2,30
144366,1,15
145955,1,50
147449,1,30
147947,5,230
144389,3,320
145932,2,160
146098,2,160
145434,1,80
146596,1,60
145906,2,110
146075,1,100
145242,5,280
144601,5,150
144724,1,20
145265,2,85
147306,1,30
144701,4,135
147114,1,120
145122,3,80
145365,2,280
146473,1,110
144581,1,190
144409,1,65
146573,2,75
145099,2,120
144558,4,170
145222,2,20
144289,2,50
145534,5,400
145783,2,30
146032,3,210
144930,2,110
144893,1,90
145391,2,50
144160,2,22
147406,2,60
148488,2,60
147157,3,290
145142,2,90
146224,3,180
146765,1,45
147847,6,500
146616,1,60
148531,1,30
146367,3,210
148282,2,100
144352,3,200
145975,2,85
146516,1,50
148139,3,110
146908,3,150
147990,1,5
147349,2,110
146808,4,510
147890,2,130
144283,1,30
148528,4,85
147200,1,130
146204,1,60
147555,2,80
147223,3,400
148551,1,15
145325,1,85
144306,2,100
147724,2,70
144784,1,20
147363,5,500
147701,2,100
144137,2,24
144807,2,210
145348,2,110
145471,3,290
145494,3,510
145663,2,105
146745,3,220
146822,2,160
146991,1,15
148073,3,310
146058,3,100
144976,3,120
145517,2,55
146968,2,50
146281,6,350
145949,1,10
144953,4,360
144870,2,340
148202,1,60
144266,1,170
145889,2,90
145262,1,45
145557,3,290
147764,5,460
148760,1,35
144824,6,310
147183,1,100
144369,3,130
145454,3,210
147618,3,300
144475,1,220
145803,3,160
145016,2,40
147469,1,40
146682,1,30
146141,1,25
146344,1,75
148010,5,140
145995,3,290
146490,3,110
147077,1,20
144200,2,260
146619,1,0
146121,2,230
144721,3,105
147426,3,110
145600,1,40
144910,1,20
148657,2,65
146407,2,60
145411,1,160
144933,2,50
145929,2,45
145388,2,105
148634,1,80
146450,2,90
144678,1,40
145643,2,40
147807,8,300
144412,1,85
145909,1,40
146576,2,390
147658,2,40
144435,1,25
146427,2,80
145886,3,330
146599,1,50
147140,2,125
144455,3,230
148783,1,30
145866,1,50
144243,2,320
147160,4,315
146078,1,80
148571,2,150
144847,2,105
146470,1,20
148179,4,130
145474,2,200
146556,1,15
148093,2,120
145039,1,230
145282,2,60
147446,1,25
144498,1,10
146662,3,85
146905,3,250
147744,3,180
144349,2,50
144890,1,25
145972,1,75
146513,2,40
145431,2,35
147054,6,320
148136,4,270
144710,3,130
147627,2,180
145374,1,55
146061,1,150
145397,2,95
146940,2,50
147604,1,5
144687,3,125
144879,1,70
147458,4,220
145543,1,20
146207,2,45
146794,2,70
146871,2,70
148122,4,80
144192,2,80
144856,2,32
145520,3,270
148145,3,130
144756,2,160
147581,1,35
146748,1,20
145420,3,85
146253,1,80
146917,7,360
145566,3,100
147558,3,90
147435,2,120
146771,2,140
146107,4,105
146230,2,150
145712,3,190
145297,2,140
146625,2,110
144610,1,10
145938,1,20
146399,3,90
147727,6,230
144169,2,238
144418,2,40
145251,2,190
147919,1,40
144564,1,125
145105,3,130
147232,8,360
148560,1,40
147773,2,20
148460,2,80
144295,2,50
145789,2,95
147876,4,470
144438,1,40
144936,1,240
144272,5,140
146004,3,340
145005,2,160
147996,1,25
145646,3,60
147355,2,110
148019,1,110
144630,1,190
148709,6,380
146622,2,200
146545,2,150
148537,1,20
144315,2,90
144979,1,35
145981,2,170
147143,1,60
146522,2,120
146479,1,20
144338,3,90
145248,1,60
147163,1,100
147335,2,310
146502,2,30
145838,2,55
144607,3,120
145148,1,30
145271,2,250
147312,2,190
146353,1,105
145812,3,160
148517,2,40
147976,2,70
147455,2,110
146210,1,310
147704,1,35
144395,3,35
145440,2,300
146602,2,85
144587,3,150
144836,1,25
144146,2,22
148437,1,40
146851,2,55
146814,2,190
145377,1,45
145477,3,150
146018,2,120
148480,3,210
144544,2,60
144876,2,230
147793,2,95
144567,2,100
145895,2,55
145563,4,180
144899,1,50
146774,4,350
147770,3,60
148102,4,45
145586,4,360
146087,4,290
146582,2,90
146751,1,30
147083,2,140
146914,5,280
145068,1,40
146064,2,120
145609,1,35
145045,3,100
144707,1,15
147292,2,40
146373,3,300
146628,2,105
148620,2,15
144358,2,100
145022,2,340
147315,2,50
144166,1,12
144335,1,60
145417,2,250
144312,2,130
144853,2,35
145394,2,50
145546,3,90
146542,3,120
144229,3,65
145108,1,60
147229,3,350
146436,3,160
146233,1,140
146104,1,40
148557,3,50
145500,1,65
146837,2,75
147169,2,25
144527,1,5
144375,1,70
144962,3,300
146296,1,330
146041,1,75
147624,3,80
145649,7,390
144813,1,40
145354,1,40
146688,1,30
148016,3,100
144421,1,45
144916,3,300
144461,1,120
148706,7,400
144959,4,600
144770,5,300
146001,2,70
146668,1,10
146997,2,110
144982,1,10
145978,4,100
146691,1,40
144292,1,105
145958,4,270
147209,2,30
147856,3,40
145002,3,80
146499,3,80
147166,2,100
144484,3,320
146476,1,5
145025,2,140
147730,3,400
146648,2,50
147189,2,50
147017,2,40
145629,1,45
146127,3,60
144504,3,280
144833,1,10
147750,3,130
144441,1,15
144896,1,105
145437,1,330
145523,3,350
147146,1,50
148228,2,50
144790,5,200
144547,1,30
145088,5,230
145331,2,80
147252,1,10
146170,2,30
144398,2,100
144939,4,160
146562,1,20
145480,1,100
146021,2,120
147644,2,70
144378,2,180
145042,1,50
145706,3,85
148623,2,20
147959,2,400
144401,1,70
145065,2,110
147272,2,90
146393,3,90
146608,1,25
147936,2,55
144332,1,40
144355,1,75
144209,7,340
146044,2,100
147372,1,100
146293,3,400
147621,1,70
145606,2,110
146731,3,210
148059,6,300
148746,1,40
147418,3,80
145165,1,350
148500,2,45
146247,1,30
144478,2,290
144232,1,35
145560,3,330
146101,1,130
144773,3,290
147564,2,70
148105,3,230
144624,3,380
145460,3,150
146877,3,160
146539,1,15
145852,3,510
144524,1,20
145311,1,45
147518,2,190
146147,3,110
146190,1,10
147813,2,50
145998,1,30
144670,1,10
146585,3,260
145503,1,95
146834,1,30
146831,2,55
147080,3,100
147913,1,30
148162,2,80
144816,4,360
145898,2,85
147521,3,180
147226,4,400
146685,1,60
145357,1,35
146439,2,250
146980,1,40
147767,3,100
144793,1,80
145291,2,190
145457,3,180
147710,3,150
147329,4,340
146665,2,210
146336,1,230
147000,1,10
144650,1,20
145314,1,40
144458,1,140
148543,3,50
144481,2,90
147206,3,35
146708,2,30
146957,2,210
144942,1,20
148772,3,200
146067,1,20
144501,1,60
145832,1,30
145583,2,300
147833,3,100
148082,2,110
148474,1,20
145875,5,70
146124,1,0
148039,2,40
145526,2,300
147149,3,250
145483,2,105
146024,2,160
147690,2,30
144252,1,85
145085,2,90
146167,2,130
145334,6,280
147249,3,130
147498,2,300
146416,1,110
148580,1,120
144693,1,130
144152,1,11
145775,3,85
147398,3,500
146316,3,90
146857,2,115
147939,1,30
144212,3,110
147461,2,65
145540,2,70
148457,3,70
144235,2,170
147438,2,60
146227,2,120
145254,3,270
144922,1,75
147246,1,5
147415,1,15
146250,4,80
147747,2,70
145941,1,30
145400,1,30
146396,4,95
146273,3,220
146937,5,290
147933,2,60
144381,2,190
147956,2,270
147979,1,15
144753,2,300
144999,1,30
146081,4,400
146920,4,110
148002,2,20
144730,2,170
144189,1,130
147607,5,370
145795,2,50
145463,2,220
146874,3,180
147870,1,10
144561,5,380
144776,2,300
144172,3,357
148497,3,60
145855,1,20
146482,1,30
146187,1,20
147810,2,40
144126,2,28
144713,1,200
147375,1,25
146290,4,370
144667,2,30
144521,1,30
144275,3,90
145062,1,190
145603,1,45
148062,3,200
144627,2,230
144129,3,30
145623,3,220
145125,3,100
148540,2,70
148042,2,60
144604,2,130
145102,2,110
148563,1,5
147332,2,100
145337,3,170
146333,1,120
144318,1,40
146642,2,30
145294,2,180
147873,9,270
147309,1,15
145145,2,120
146356,1,20
145317,3,115
148520,2,30
145815,1,70
145858,4,90
148022,3,190
147850,3,100
144584,2,55
145835,2,110
147830,2,290
147999,3,400
145878,5,250
145380,2,60
146376,3,150
147289,3,150
147787,2,25
146270,3,420
145274,1,110
147395,2,130
147893,2,60
144255,3,70
145082,1,90
146164,1,10
147501,2,220
148583,2,35
144541,4,290
144298,1,20
146462,1,20
144796,2,230
146960,3,90
144149,2,28
144690,2,320
147352,2,30
148477,2,80
146313,2,90
146811,1,30
145921,2,65
144839,2,30
147003,1,40
144971,2,50
146299,2,220
145635,1,40
146963,1,70
144284,4,190
146276,1,50
146345,3,80
147009,1,25
145658,1,230
146322,4,200
146986,1,20
144802,1,40
144138,1,12
144215,3,357
145466,1,60
146130,1,50
144825,3,170
145489,6,375
146153,1,10
146817,2,190
144261,2,70
145589,3,360
144238,1,50
144779,1,70
144902,2,40
145443,1,30
144384,2,190
146886,4,130
147965,4,400
145071,2,120
145950,1,180
147573,1,30
147278,4,170
148606,1,15
145512,2,160
144430,1,20
145263,2,80
146840,2,100
146591,1,50
144576,2,100
145904,1,75
146199,4,170
146445,2,70
145804,6,380
146491,3,55
147424,2,150
148506,2,90
144722,2,105
146714,1,20
148778,1,20
146073,3,105
147235,1,30
147427,1,80
145340,4,175
146594,2,60
144699,4,120
148609,2,50
147404,3,100
145363,1,10
148068,3,190
147945,3,300
144387,2,140
146053,4,70
145881,1,20
144487,1,70
144530,2,80
144364,2,50
145028,1,90
146694,2,370
146030,3,140
144507,5,350
144679,2,170
147753,4,400
146671,1,15
145320,5,380
145861,4,260
146402,2,62
144799,2,190
145048,2,410
144407,1,20
145569,2,25
147112,6,340
146614,1,15
147739,2,60
147255,1,100
146422,1,75
147504,1,80
146173,1,15
144158,1,15
144195,2,380
145781,1,20
148572,1,30
146863,2,100
147796,6,300
145532,4,330
144991,4,20
147198,2,130
147155,3,140
147006,2,50
148088,3,60
145824,3,330
146365,3,240
146906,2,60
148529,1,25
147988,1,50
145801,2,100
145469,5,100
146797,2,150
144782,2,290
145778,2,65
144590,3,90
144759,1,10
145091,2,60
148008,4,105
144281,2,50
144736,1,70
144613,1,40
145277,3,250
146966,3,140
148294,1,0
145323,6,330
146989,1,40
144928,1,90
144264,3,90
145346,1,40
146010,3,400
146256,1,75
147507,1,95
144951,2,75
145492,3,190
147361,1,130
146033,2,100
146279,1,15
146820,2,70
148025,3,65
144135,2,20
144218,3,290
147135,5,290
147467,2,50
148463,1,80
146448,2,170
148071,3,190
145841,2,200
148758,1,0
144822,3,70
145154,2,30
148154,1,100
144719,2,50
147962,3,160
148549,1,60
146342,3,110
148503,2,90
146488,1,100
145947,1,30
147275,1,40
145406,2,40
147816,1,40
144888,1,180
145386,1,35
146382,1,80
146880,1,200
145907,3,50
147401,4,500
146405,3,60
146903,4,200
148612,1,15
147899,2,80
148114,3,260
144676,1,40
145672,2,100
148091,2,40
147922,1,100
144367,1,25
145715,2,140
147381,2,50
145217,3,75
147879,3,55
144653,1,120
147358,4,320
145366,2,150
145864,1,70
146425,1,100
145174,1,140
145343,2,100
144410,1,10
146574,2,55
144633,2,140
145131,2,220
147052,1,90
144241,1,180
144739,2,85
147444,1,45
148440,1,10
146946,1,70
147942,5,550
148569,2,60
144845,1,65
145927,3,150
146754,2,60
147836,2,270
144304,3,200
148632,1,30
146468,2,120
146213,2,380
145970,2,110
148134,1,0
144696,3,200
144155,1,119
144198,3,150
145821,2,105
146319,2,110
148526,3,90
146362,2,40
148483,3,80
147985,1,105
144347,3,135
146511,1,60
145303,2,200
147295,5,280
145967,2,85
146631,1,15
144616,2,130
145280,1,140
147341,1,50
148005,8,340
145990,2,80
147318,2,180
146654,2,50
147982,1,20
148715,3,130
147464,2,105
146136,3,340
146800,2,180
148051,2,50
147364,2,20
146823,1,30
148151,1,15
148028,3,220
148174,6,370
148738,4,300
148197,4,250
144716,3,80
144965,2,100
147218,3,80
148546,1,20
146969,3,160
144278,1,35
145403,3,330
146282,7,400
147905,3,140
144762,2,130
146090,2,95
147172,2,25
145844,1,55
144908,3,235
145449,1,40
146531,1,60
146236,2,50
147859,2,30
144470,3,360
144132,4,40
145798,2,110
146385,2,330
145549,3,280
147713,2,80
144862,3,180
144819,6,510
146485,2,140
145157,4,230
144175,1,119
144178,3,280
144424,5,240
145011,1,70
145257,2,25
146339,2,100
145506,2,200
144865,2,120
144570,1,80
144324,1,160
146193,1,30
145652,3,200
145054,1,260
145552,1,120
146216,3,90
145575,6,330
147069,2,400
147733,2,40
144673,2,290
144344,3,340
147759,4,170
145887,1,30
148300,1,20
148466,3,170
147802,2,25
147192,1,70
146528,2,100
147261,1,40
147092,7,340
146428,3,150
147925,3,100
148566,1,40
147902,2,50
144550,2,35
144301,1,290
146720,1,10
147633,3,90
147882,4,160
148131,1,50
144444,4,300
148735,7,350
146116,2,25
148274,2,45
146508,2,25
145426,1,60
146259,2,160
147441,1,30
148523,1,40
145818,1,80
144885,1,20
147298,4,250
145134,2,50
145383,2,200
147049,1,200
144985,3,165
144493,1,130
145034,1,57
146657,1,70
144842,1,110
146757,2,220
145924,3,80
144201,4,420
144742,2,60
145283,2,105
145137,1,70
147129,1,10
146465,3,60
146133,2,60
144450,1,190
145114,2,65
146110,1,50
145446,3,300
146442,1,65
144427,6,340
144258,2,50
147344,2,110
145423,1,30
144404,2,100
148031,6,470
144636,2,110
146302,3,150
145964,3,100
144659,1,70
145987,3,60
146651,1,10
145592,8,510
146843,2,110
145615,2,50
146697,2,35
146156,2,15
144467,3,90
148712,7,310
147384,3,350
145901,1,50
144905,1,80
147776,1,45
148108,4,300
144181,1,140
145509,3,80
144513,2,70
148509,4,120
147822,1,30
144968,2,190
146047,2,70
146634,1,50
144321,1,65
146196,3,80
145360,3,80
147524,1,20
147321,3,160
145655,1,75
146983,2,180
147862,1,60
146093,1,25
146588,1,130
147175,2,70
146050,3,100
147046,2,80
148446,1,40
148065,3,200
144341,1,15
145008,3,150
146262,4,240
148755,1,15
146027,2,100
145031,3,120
147281,6,315
147736,3,70
148732,5,260
145051,2,400
144553,2,100
147215,3,130
146717,2,150
144510,5,380
146007,1,60
147756,3,140
147089,2,340
144533,1,30
144361,2,90
145074,3,70
147238,3,260
146525,2,90
145984,1,45
147779,1,10
144882,4,280
147301,3,130
147799,2,35
145094,1,40
146176,1,40
144490,4,200
147195,3,120
145572,3,150
146568,2,25
145486,1,110
146113,2,60
146219,1,50
147885,3,130
145678,3,95
146760,1,110
147842,2,80
144447,1,320
144988,2,440
146611,2,70
145529,1,210
148775,2,90
146070,2,70
147152,2,280
144307,1,50
147224,3,105
146560,2,90
148552,2,30
147888,3,140
147247,1,30
148575,2,70
144353,3,160
145017,1,80
147934,3,40
144330,2,60
144994,2,60
148744,2,80
148621,2,30
148080,1,65
144161,3,33
145309,3,100
145558,3,290
146637,1,80
144622,1,100
144917,2,85
148452,2,50
146245,2,100
144184,1,150
147516,1,100
144871,2,150
148203,2,70
144476,1,330
147470,2,90
146142,4,110
146391,1,20
147719,2,20
148057,7,410
144376,1,200
145163,1,360
145704,2,35
147370,1,30
146829,2,40
148157,2,80
144768,3,400
145850,3,170
146096,2,100
147178,3,100
146683,2,50
146932,2,120
147765,1,10
148011,3,120
147324,3,120
145455,1,70
146537,1,50
145996,2,145
146783,1,20
147078,2,60
147865,1,60
144556,1,90
146145,1,10
146975,2,80
148137,4,120
144579,1,60
145624,2,25
146122,2,40
146786,3,140
144771,1,25
146763,4,50
144748,1,80
145953,3,280
145289,1,90
145412,4,105
146998,1,20
145389,1,75
148472,2,60
147808,2,60
145097,5,190
145973,2,75
146471,2,50
146222,1,90
144456,4,100
144599,1,55
144848,1,110
148180,6,280
147845,1,45
147931,1,80
144207,4,320
146457,1,35
145830,2,200
145140,2,90
144891,2,50
147304,2,80
146557,2,35
146806,2,110
147055,5,290
144542,1,20
144499,1,85
145040,2,100
146165,1,40
147204,1,50
146663,3,290
146706,1,30
144350,2,210
146514,2,80
147347,3,45
145432,1,140
146265,3,310
147596,1,25
144250,2,75
144791,3,330
145332,5,250
145873,1,40
148037,2,50
146414,1,20
148578,1,25
146955,2,90
144473,3,120
147390,2,160
146394,1,40
147722,2,35
147413,6,220
147745,4,220
144688,2,110
146680,1,10
147012,1,30
145375,3,90
144974,2,140
147553,6,310
146225,3,135
144997,2,20
145538,1,35
145661,1,100
146202,1,85
146872,3,370
144187,2,100
145515,1,30
144728,2,180
145060,3,240
146056,2,60
146139,1,30
144124,2,30
145120,2,20
145452,3,190
147075,3,510
147954,5,300
145853,1,20
147267,1,80
147762,5,370
147181,3,30
146185,1,50
146935,3,200
145166,2,380
146248,3,35
145312,2,70
147476,2,100
147221,7,260
145555,2,70
144665,2,115
144868,3,350
147327,6,150
145993,1,80
147868,1,25
144519,1,30
145014,3,300
145601,1,65
148455,2,170
147914,3,130
144390,3,95
147307,2,80
146311,2,260
146809,1,90
147805,1,90
145790,4,315
146288,6,400
144602,4,200
145598,3,280
146099,3,100
147095,1,20
144625,2,220
145080,4,140
147330,2,140
145621,2,55
146617,4,290
146076,3,105
147138,1,95
148495,2,50
147997,1,15
145100,2,95
144433,1,15
147264,1,80
146597,2,40
144582,1,40
145123,1,25
147287,3,280
144147,1,14
145143,1,300
148475,1,35
146554,3,60
147456,3,550
144931,2,80
145770,1,230
146766,3,100
146852,1,20
147848,1,40
144539,1,130
144453,2,400
146162,2,45
147158,1,200
145535,2,85
147785,1,60
147393,2,35
147891,2,130
147350,3,80
145186,1,260
144496,2,90
145037,3,0
147201,2,90
145578,1,130
146119,3,100
146660,1,30
147742,4,380
144639,3,82
146228,3,270
147556,2,35
147579,3,320
146915,6,300
144685,1,30
145349,1,60
146013,2,100
144662,2,25
145326,5,390
144144,3,45
146059,2,40
144808,3,90
147387,1,110
145472,3,35
145395,2,40
146723,2,290
147725,1,30
144167,3,36
144831,1,30
144708,1,140
146159,2,30
145372,2,150
146374,1,50
146700,2,120
145495,2,390
146036,1,20
147702,3,240
144854,2,50
147433,2,250
146846,2,100
145518,2,85
146351,1,65
146182,1,70
147015,1,110
148097,3,160
145664,3,190
146992,3,250
147410,1,210
145000,1,0
146746,2,220
146082,4,350
146205,2,70
146869,3,110
148074,3,150
144313,2,80
144562,1,210
145890,2,120
145641,3,320
148558,2,30
145249,1,150
144954,2,140
148120,1,30
146577,3,40
144516,1,20
144267,1,85
148512,1,20
147184,1,120
144121,3,36
145057,3,100
144370,1,120
147141,3,130
144413,3,105
145077,2,360
144911,3,55
147284,3,90
147782,3,160
144934,2,80
144270,2,85
145103,2,100
148017,2,150
148658,1,40
146408,1,40
146285,2,30
147994,1,20
145146,3,70
147310,3,270
145810,3,200
146308,1,50
147974,2,70
144536,3,170
147161,1,85
147825,2,30
144605,4,180
144436,1,90
145269,1,190
148515,2,80
146600,1,20
147018,4,300
147851,4,240
145910,2,90
145787,4,400
145246,1,20
146451,1,70
148492,3,45
148615,1,2
147951,5,350
144977,2,40
145475,2,40
146079,2,70
147241,1,20
146849,2,30
148094,2,410
144244,1,140
144785,3,160
144834,1,25
147453,4,370
146912,3,150
145867,1,90
144393,2,130
144642,2,70
144141,2,30
148054,6,520
147081,2,260
148077,1,40
145020,2,60
145352,1,30
146016,1,50
146039,3,100
146371,5,250
144310,1,25
147559,1,10
145561,1,90
144333,1,140
144874,2,280
146325,2,190
146866,3,370
144851,1,150
144682,1,35
148764,1,0
146179,1,10
144705,4,310
144287,3,360
144164,2,24
144828,2,65
145369,3,290
144479,3,350
144811,2,75
146388,2,75
145415,1,45
147513,1,40
147430,2,130
146434,3,45
146102,2,110
147576,1,45
145498,2,130
146580,4,25
148449,1,110
146494,2,60
146826,2,50
147121,3,130
147908,1,10
148117,1,15
145893,3,60
145306,2,110
147227,3,210
148555,1,50
145999,2,40
146540,2,140
148163,5,255
144765,1,70
145847,3,120
146686,1,130
146929,2,20
147768,3,170
148014,3,60
144914,3,220
144619,1,25
144373,3,170
145160,2,330
148160,1,5
144224,1,70
147473,7,375
148469,1,60
147971,1,10
144745,1,25
144247,5,510
145956,5,370
147450,2,130
145243,2,80
145458,2,60
147948,4,250
145266,2,260
145435,2,270
146431,2,100
144957,2,300
144725,2,70
146972,2,65
147144,2,160
144702,2,50
146497,3,100
148489,2,65
146995,1,20
146623,2,70
147164,1,75
144396,2,160
144894,3,150
145392,2,80
146305,3,270
144290,1,60
144788,3,130
145784,1,40
145286,1,95
146909,3,125
147407,3,150
146517,1,30
148140,3,180
144204,4,300
145870,1,60
145827,2,100
145329,6,300
146368,3,150
148532,2,37
148034,3,340
147991,2,60
144937,1,40
146019,1,80
144568,3,65
145896,5,100
148149,2,45
145255,2,300
147462,3,280
146583,3,85
146798,2,350
145942,1,70
146111,3,105
145278,2,200
147439,3,390
146606,2,95
148103,5,300
147416,1,0
147293,1,10
145424,1,70
146629,3,45
145965,3,105
146088,2,75
147957,3,90
147316,3,70
147980,1,10
147339,1,30
148003,4,210
147608,4,300
146483,1,125
146234,1,30
147811,2,50
145796,2,140
146921,1,300
144860,2,500
146188,1,60
147170,2,50
145547,1,50
148498,2,45
146875,3,200
145063,1,15
144814,1,20
145401,2,70
145650,7,390
146978,1,30
144173,3,27
145501,1,85
144714,2,330
146042,2,35
146337,2,80
145109,3,75
144276,3,180
146437,2,240
144127,2,28
144422,2,250
144668,1,10
144963,2,60
145209,1,45
146291,5,290
144319,2,180
144983,4,160
145481,2,35
147900,3,80
144130,3,33
144960,2,90
147688,3,140
144342,2,30
146334,3,220
148733,3,210
145152,1,15
145816,3,100
147167,2,400
147831,3,210
147880,3,140
148023,3,200
147190,1,50
148441,1,10
148541,3,130
148000,3,105
147147,2,260
146649,1,130
147396,1,30
147290,1,80
146755,1,150
144442,5,300
145275,3,160
145524,2,380
148521,2,50
144883,3,180
146506,3,80
148129,2,60
144648,1,75
144150,2,24
144399,3,130
146314,1,10
146563,1,60
146065,2,60
148229,2,80
144548,6,400
145673,3,350
146214,2,130
145773,3,110
144691,4,330
144940,3,0
147937,2,125
144299,2,150
144840,2,170
145381,2,35
145922,3,120
144402,2,60
147651,1,20
145398,2,85
144425,5,250
146417,1,15
147628,2,140
147296,1,90
148624,1,0
145421,1,35
144711,3,60
144903,3,52
145567,1,31
148146,1,40
144210,3,190
144880,2,100
148169,5,400
146108,1,20
147436,2,80
145444,4,300
145590,2,290
147459,3,300
146918,8,400
147582,5,330
148123,4,110
145653,4,380
145985,3,140
146981,1,20
148060,5,440
144966,1,40
147087,3,390
144774,1,70
144857,1,12
145939,2,50
147774,2,150
148106,2,70
144170,2,238
144465,2,220
145793,2,200
144920,2,25
145252,4,360
145461,3,180
144571,2,60
145507,1,160
144273,1,20
147519,1,80
147522,2,60
145112,5,150
146194,3,150
145358,2,60
147373,1,35
146045,1,20
146586,2,80
145504,1,80
146832,2,30
147668,2,300
148730,6,340
145813,4,200
145315,7,370
144817,1,70
147734,6,430
144296,5,200
144794,2,190
145292,2,330
148753,5,390
145029,1,90
146025,2,50
148020,3,300
145006,1,50
147711,2,110
144316,2,90
145982,2,180
146480,3,125
148561,1,50
148710,5,410
144339,2,350
145833,2,180
146005,5,210
146503,2,60
147044,1,30
145272,3,290
146354,2,110
148518,3,100
146523,1,15
144508,5,390
145049,1,5
147754,4,190
145570,2,50
146068,2,70
147064,1,25
147977,2,60
144253,3,200
145962,3,35
148581,2,50
146460,3,180
146958,2,30
144943,3,45
147193,3,140
144986,3,30
147150,1,70
145484,2,105
145876,4,65
144837,2,60
145335,1,230
145378,2,60
147001,2,110
148040,6,180
148773,5,210
146609,2,120
147691,1,30
144236,3,110
145564,3,300
144900,3,70
148481,2,100
147817,2,60
144259,2,70
145587,2,170
144923,2,40
148458,3,70
146251,2,70
147130,2,45
147794,6,280
146443,1,30
145610,3,85
147107,1,20
148435,1,20
146274,1,95
146938,7,380
147771,2,80
146297,4,320
147084,3,50
147625,3,70
147748,2,120
145069,2,25
146397,2,92
144382,1,170
144190,2,140
144777,7,390
144359,1,80
145023,1,120
145441,5,310
146105,1,130
144213,4,280
144754,4,300
144336,3,130
144877,4,280
145418,3,65
146151,3,55
147479,2,190
147230,2,350
146589,1,120
145464,1,15
147917,1,40
144528,5,360
147525,1,60
145856,2,140
145215,1,220
146543,1,240
148166,1,30
146984,1,70
148063,4,150
146048,3,380
147376,1,120
147276,5,290
148109,3,70
147963,3,250
148504,1,40
144485,2,260
148066,3,230
144628,2,150
144462,2,240
147353,2,200
145361,4,260
146692,2,130
146028,1,60
148707,2,290
145338,4,100
146002,1,20
148043,2,60
145318,1,40
146569,2,40
147233,2,380
145667,2,70
145003,2,60
147333,5,190
147210,1,60
146669,2,65
147874,6,580
144362,3,360
145026,3,165
145859,3,95
145836,1,120
145959,1,110
145295,2,190
146500,2,50
146377,2,85
147894,2,110
148143,3,60
144585,3,90
145630,2,40
147253,1,15
146128,2,220
147751,2,190
144193,2,290
145438,4,350
144797,3,230
144256,3,80
145879,3,270
147502,4,310
148478,3,280
146812,4,190
146171,1,40
146712,3,260
146463,3,60
148086,2,40
146062,2,130
144734,1,70
147983,1,35
144757,2,50
145089,2,80
146749,2,70
146085,3,300
147960,4,290
144356,1,70
145043,5,75
144897,1,50
146231,2,70
146818,3,210
144216,3,280
146208,2,25
145544,1,20
147505,3,65
146277,4,35
146772,3,270
146941,2,50
146254,1,110
146795,1,35
147313,4,300
146400,1,35
147728,2,140
144419,3,290
148747,7,415
145298,1,120
147419,2,180
146294,3,380
146626,3,250
144525,1,10
144279,3,140
144611,3,280
145106,2,85
148607,1,0
145607,2,70
144133,2,20
148461,4,110
147920,3,95
144820,2,120
144565,4,85
146148,3,300
147814,2,100
144671,4,180
148501,2,40
146835,3,60
146878,3,160
147273,1,25
146191,1,20
145799,2,100
145258,3,110
146340,3,105
144651,1,60
144153,1,11
145149,1,130
144439,2,90
147356,2,0
146689,3,260
147379,2,115
146666,3,90
144482,2,330
144980,1,220
146646,3,360
147897,2,40
145882,3,40
145839,1,50
148544,1,50
146380,2,90
145341,2,60
148046,1,80
144608,2,10
147187,1,40
147854,5,220
144631,2,45
145713,3,180
147336,8,370
147877,9,550
145819,3,220
146317,3,190
146815,3,280
144800,3,120
146423,3,50
144196,3,330
147442,2,95
148524,1,20
146603,2,30
145521,2,85
148438,2,65
144588,2,50
144502,2,50
146211,2,160
145129,1,50
147207,1,120
145584,1,0
146125,3,125
147834,3,140
144737,2,100
146901,1,20
144694,4,260
145776,2,30
146858,2,420
147940,3,370
144545,6,520
147250,2,120
145086,2,400
145627,1,30
146168,3,100
146709,1,50
147791,3,85
