,marea_id,boat_name,tipo_bodega,owner_group,frio_system_state,tdc_arrival,tvn_discharge,departure_port_date,TDC-Desc,% Llenado,# Calas,tvn_pred,tvn_error
0,161503,TASA 59,Frio,P,RC,24.4,21.5,2020-11-25 04:25:00,24.4,,,21.978011924505676,0.478011924505676
1,161549,TASA 41,Frio,P,RC,38.1,20.2,2020-11-25 07:42:00,38.1,,,24.718011924505674,4.518011924505675
2,161552,TASA 42,Frio,P,RC,47.7,23.6,2020-11-25 09:31:00,47.7,,,26.638011924505676,3.0380119245056747
3,161553,TASA 71,Frio,P,RC,49.4,21.6,2020-11-25 09:48:00,49.4,,,26.978011924505676,5.378011924505675
4,161554,TASA 419,Frio,P,RC,38.2,20.5,2020-11-25 09:57:00,38.2,,,24.738011924505678,4.2380119245056775
5,161565,TASA 52,Frio,P,RC,32.1,20.0,2020-11-25 11:37:00,32.1,,,23.518011924505675,3.518011924505675
6,161570,TASA 55,Frio,P,RC,37.0,19.1,2020-11-25 12:13:00,37.0,,,24.498011924505676,5.398011924505674
7,161573,TASA 51,Frio,P,RC,36.1,25.7,2020-11-25 14:15:00,36.1,,,24.318011924505676,1.3819880754943235
14,161583,TASA 58,Frio,P,RC,26.5,21.4,2020-11-26 02:38:00,26.5,,,22.398011924505674,0.9980119245056756
17,161586,TASA 56,Frio,P,RC,28.4,20.1,2020-11-26 03:04:00,28.4,,,22.778011924505677,2.6780119245056753
34,161587,TASA 425,Frio,P,RC,45.1,20.9,2020-11-26 05:50:00,45.1,,,26.118011924505677,5.218011924505678
36,161638,TASA 43,Frio,P,RC,45.4,26.6,2020-11-26 06:15:00,45.4,,,26.178011924505675,0.42198807549432615
37,161637,TASA 45,Frio,P,RC,45.4,20.8,2020-11-26 06:20:00,45.4,,,26.178011924505675,5.378011924505675
38,161639,TASA 61,Frio,P,RC,41.6,24.5,2020-11-26 06:40:00,41.6,,,25.418011924505677,0.9180119245056773
91,161716,TASA 44,Frio,P,RC,26.7,19.3,2020-11-27 04:50:00,26.7,,,22.438011924505677,3.138011924505676
97,161731,TASA 54,Frio,P,RC,12.4,16.3,2020-11-27 05:10:00,12.4,,,19.205688655545572,2.905688655545571
125,161753,TASA 59,Frio,P,RC,37.0,24.0,2020-11-27 07:40:00,37.0,,,24.498011924505676,0.49801192450567555
133,161758,TASA 53,Frio,P,RC,21.5,21.8,2020-11-27 10:15:00,21.5,,,21.394525533229086,0.40547446677091514
139,161782,TASA 52,Frio,P,RC,19.4,23.5,2020-11-27 16:55:00,19.4,,,20.827927997984077,2.6720720020159234
140,161786,TASA 427,Frio,P,RC,20.9,18.6,2020-11-27 18:41:00,20.9,,,21.251626889141534,2.651626889141532
181,164189,TASA 45,Frio,P,RC,25.8,19.9,2020-12-27 14:34:00,25.8,,,22.258011924505677,2.3580119245056785
182,164193,TASA 59,Frio,P,RC,52.9,26.7,2020-12-27 18:02:00,52.9,,,27.678011924505675,0.978011924505676
190,164203,TASA 55,Frio,P,RC,19.3,23.6,2020-12-28 02:01:00,19.3,,,20.797402793699234,2.802597206300767
192,164205,TASA 53,Frio,P,RC,33.9,20.8,2020-12-28 04:12:00,33.9,,,23.878011924505675,3.078011924505674
194,164212,TASA 44,Frio,P,RC,22.2,24.6,2020-12-28 04:47:00,22.2,,,21.538011924505675,3.0619880754943267
211,164258,TASA 56,Frio,P,RC,23.7,25.5,2020-12-28 21:36:00,23.7,,,21.838011924505675,3.6619880754943246
212,164272,TASA 52,Frio,P,RC,17.2,19.6,2020-12-28 23:45:00,17.2,,,20.147486045456972,0.5474860454569708
222,164264,TASA 43,Frio,P,RC,39.6,20.4,2020-12-29 01:55:00,39.6,,,25.018011924505675,4.6180119245056765
271,164759,TASA 43,Frio,P,RC,40.0,27.5,2021-01-08 13:43:00,40.0,,,25.098011924505677,2.401988075494323
272,164761,TASA 54,Frio,P,RC,50.9,27.9,2021-01-08 17:23:00,50.9,,,27.278011924505677,0.6219880754943219
274,164764,TASA 58,Frio,P,RC,22.2,31.1,2021-01-08 23:40:00,22.2,,,21.538011924505675,9.561988075494327
275,164766,TASA 44,Frio,P,RC,46.8,21.6,2021-01-09 00:46:00,46.8,,,26.458011924505676,4.858011924505675
280,164781,TASA 45,Frio,P,RC,41.2,22.2,2021-01-09 04:29:00,41.2,,,25.338011924505675,3.138011924505676
281,164782,TASA 42,Frio,P,RC,47.3,27.5,2021-01-09 04:36:00,47.3,,,26.558011924505674,0.9419880754943257
284,164788,TASA 53,Frio,P,RC,66.6,45.4,2021-01-09 06:19:00,66.6,,,30.418011924505677,14.981988075494321
285,164789,TASA 51,Frio,P,RC,23.1,20.5,2021-01-09 06:34:00,23.1,,,21.718011924505674,1.2180119245056744
288,164797,TASA 61,Frio,P,RC,41.0,19.6,2021-01-09 09:29:00,41.0,,,25.298011924505676,5.698011924505675
289,164798,TASA 56,Frio,P,RC,44.3,36.9,2021-01-09 09:34:00,44.3,,,25.958011924505676,10.941988075494322
291,164813,TASA 55,Frio,P,RC,53.8,30.5,2021-01-09 13:51:00,53.8,,,27.858011924505675,2.641988075494325
292,164818,TASA 71,Frio,P,RC,14.0,19.0,2021-01-10 00:18:00,14.0,,,19.391471639859247,0.3914716398592475
295,164819,TASA 52,Frio,P,RC,13.7,19.2,2021-01-10 01:07:00,13.7,,,19.346703436126404,0.1467034361264048
296,164820,TASA 419,Frio,P,RC,7.6,16.6,2021-01-10 01:27:00,7.6,,,18.665409095501616,2.0654090955016144
302,164825,TASA 427,Frio,P,RC,15.4,19.0,2021-01-10 03:29:00,15.4,,,19.664281776304904,0.6642817763049038
313,164835,TASA 59,Frio,P,RC,53.5,30.1,2021-01-10 04:18:00,53.5,,,27.798011924505676,2.301988075494325
321,164842,TASA 41,Frio,P,RC,14.0,19.2,2021-01-10 05:32:00,14.0,,,19.391471639859247,0.1914716398592482
325,164845,TASA 57,Frio,P,RC,46.3,45.3,2021-01-10 05:42:00,46.3,,,26.358011924505675,18.941988075494322
329,164847,TASA 425,Frio,P,RC,18.1,19.6,2021-01-10 06:04:00,18.1,,,20.42342568650041,0.823425686500407
334,164860,TASA 58,Frio,P,RC,28.8,21.0,2021-01-10 11:21:00,28.8,,,22.858011924505675,1.858011924505675
335,164861,TASA 43,Frio,P,RC,10.2,21.0,2021-01-10 11:32:00,10.2,,,19.08481926290324,1.9151807370967617
339,164865,TASA 71,Frio,P,RC,9.2,17.8,2021-01-11 01:44:00,9.2,,,19.00448337517031,1.2044833751703088
340,164866,TASA 52,Frio,P,RC,32.5,31.4,2021-01-11 01:50:00,32.5,,,23.598011924505677,7.801988075494322
341,164867,TASA 419,Frio,P,RC,34.0,23.8,2021-01-11 02:11:00,34.0,,,23.898011924505674,0.09801192450567342
342,164868,TASA 41,Frio,P,RC,23.4,33.7,2021-01-11 02:40:00,23.4,,,21.778011924505677,11.921988075494326
355,164878,TASA 427,Frio,P,RC,34.2,25.4,2021-01-11 04:45:00,34.2,,,23.938011924505677,1.4619880754943217
373,164892,TASA 45,Frio,P,RC,20.8,22.5,2021-01-11 07:48:00,20.8,,,21.22604341749576,1.2739565825042405
374,164893,TASA 425,Frio,P,RC,20.1,37.1,2021-01-11 07:51:00,20.1,,,21.035082849131456,16.064917150868546
375,164898,TASA 44,Frio,P,RC,51.7,23.9,2021-01-11 08:36:00,51.7,,,27.438011924505677,3.5380119245056783
376,164899,TASA 61,Frio,P,RC,35.8,22.3,2021-01-11 10:42:00,35.8,,,24.258011924505674,1.9580119245056729
377,164908,TASA 54,Frio,P,RC,29.8,21.5,2021-01-11 14:15:00,29.8,,,23.058011924505674,1.5580119245056743
378,164909,TASA 51,Frio,P,RC,33.0,28.7,2021-01-11 14:28:00,33.0,,,23.698011924505675,5.0019880754943244
379,164911,TASA 42,Frio,P,RC,33.4,31.6,2021-01-11 15:02:00,33.4,,,23.778011924505677,7.821988075494325
381,164913,TASA 71,Frio,P,RC,36.6,24.5,2021-01-12 00:08:00,36.6,,,24.418011924505677,0.08198807549432274
382,164914,TASA 43,Frio,P,RC,43.2,24.5,2021-01-12 02:02:00,43.2,,,25.738011924505678,1.2380119245056775
387,164918,TASA 58,Frio,P,RC,41.1,30.7,2021-01-12 02:37:00,41.1,,,25.318011924505676,5.3819880754943235
413,164934,TASA 56,Frio,P,RC,44.4,29.7,2021-01-12 09:26:00,44.4,,,25.978011924505676,3.7219880754943233
416,164947,TASA 425,Frio,P,RC,22.7,20.7,2021-01-12 11:57:00,22.7,,,21.638011924505676,0.9380119245056768
417,164949,TASA 45,Frio,P,RC,24.2,25.3,2021-01-12 13:09:00,24.2,,,21.938011924505677,3.361988075494324
418,164950,TASA 57,Frio,P,RC,7.0,16.4,2021-01-12 13:17:00,7.0,,,18.41772446217061,2.0177244621706123
419,164951,TASA 53,Frio,P,RC,26.4,28.3,2021-01-12 13:59:00,26.4,,,22.378011924505675,5.921988075494326
424,164963,TASA 59,Frio,P,RC,51.6,34.9,2021-01-12 20:35:00,51.6,,,27.418011924505677,7.481988075494321
425,164964,TASA 55,Frio,P,RC,48.6,25.0,2021-01-12 22:30:00,48.6,,,26.818011924505676,1.8180119245056758
433,164972,TASA 61,Frio,P,RC,41.5,25.9,2021-01-13 03:51:00,41.5,,,25.398011924505674,0.5019880754943244
448,164981,TASA 42,Frio,P,RC,18.6,21.4,2021-01-13 07:43:00,18.6,,,20.580026068564266,0.819973931435733
450,164983,TASA 52,Frio,P,RC,35.5,22.7,2021-01-13 08:00:00,35.5,,,24.198011924505675,1.4980119245056756
451,164984,TASA 51,Frio,P,RC,40.8,22.8,2021-01-13 08:04:00,40.8,,,25.258011924505674,2.458011924505673
452,164985,TASA 54,Frio,P,RC,37.3,25.7,2021-01-13 08:43:00,37.3,,,24.558011924505674,1.141988075494325
454,164986,TASA 427,Frio,P,RC,32.4,20.9,2021-01-13 11:11:00,32.4,,,23.578011924505674,2.6780119245056753
456,164988,TASA 419,Frio,P,RC,22.6,21.3,2021-01-13 11:47:00,22.6,,,21.618011924505677,0.31801192450567584
462,165004,TASA 57,Frio,P,RC,40.4,25.0,2021-01-13 21:22:00,40.4,,,25.178011924505675,0.17801192450567527
463,165005,TASA 44,Frio,P,RC,29.7,28.5,2021-01-13 23:06:00,29.7,,,23.038011924505675,5.461988075494325
478,165021,TASA 71,Frio,P,RC,30.9,26.9,2021-01-14 04:28:00,30.9,,,23.278011924505677,3.621988075494322
486,165033,TASA 43,Frio,P,RC,33.4,27.4,2021-01-14 07:59:00,33.4,,,23.778011924505677,3.621988075494322
488,165035,TASA 58,Frio,P,RC,36.5,28.5,2021-01-14 08:22:00,36.5,,,24.398011924505674,4.101988075494326
491,165038,TASA 425,Frio,P,RC,35.9,20.7,2021-01-14 09:49:00,35.9,,,24.278011924505677,3.5780119245056774
492,165039,TASA 45,Frio,P,RC,35.2,18.3,2021-01-14 10:40:00,35.2,,,24.138011924505676,5.838011924505675
493,165047,TASA 53,Frio,P,RC,30.7,24.2,2021-01-14 18:41:00,30.7,,,23.238011924505674,0.9619880754943253
503,165059,TASA 55,Frio,P,RC,5.7,15.5,2021-01-15 16:49:00,5.7,,,17.514179258559594,2.0141792585595937
504,165060,TASA 56,Frio,P,RC,8.8,15.1,2021-01-15 16:51:00,8.8,,,18.95163360560135,3.851633605601352
505,165062,TASA 51,Frio,P,RC,5.9,15.3,2021-01-15 17:52:00,5.9,,,17.693054030161246,2.3930540301612453
506,165064,TASA 42,Frio,P,RC,10.0,19.8,2021-01-15 21:35:00,10.0,,,19.072822680000016,0.7271773199999849
510,165065,TASA 419,Frio,P,RC,32.5,21.6,2021-01-16 00:57:00,32.5,,,23.598011924505677,1.9980119245056756
527,165081,TASA 43,Frio,P,RC,32.6,21.1,2021-01-16 06:12:00,32.6,,,23.618011924505677,2.518011924505675
533,165087,TASA 52,Frio,P,RC,32.7,24.4,2021-01-16 06:33:00,32.7,,,23.638011924505676,0.7619880754943225
537,165090,TASA 54,Frio,P,RC,31.1,24.2,2021-01-16 06:56:00,31.1,,,23.318011924505676,0.8819880754943235
540,165091,TASA 58,Frio,P,RC,14.9,19.8,2021-01-16 07:28:00,14.9,,,19.555005532816907,0.24499446718309414
544,165095,TASA 71,Frio,P,RC,5.3,15.9,2021-01-16 08:10:00,5.3,,,17.104225320283703,1.2042253202837028
545,165097,TASA 45,Frio,P,RC,28.9,24.2,2021-01-16 09:51:00,28.9,,,22.878011924505675,1.3219880754943247
546,165098,TASA 427,Frio,P,RC,36.6,20.5,2021-01-16 10:30:00,36.6,,,24.418011924505677,3.9180119245056773
548,165110,TASA 425,Frio,P,RC,39.0,18.2,2021-01-16 13:08:00,39.0,,,24.898011924505674,6.698011924505675
549,165114,TASA 57,Frio,P,RC,21.2,24.1,2021-01-16 16:44:00,21.2,,,21.325446328909237,2.7745536710907643
556,165117,TASA 59,Frio,P,RC,11.3,24.8,2021-01-17 00:55:00,11.3,,,19.138341682311648,5.661658317688353
557,165118,TASA 55,Frio,P,RC,6.6,18.4,2021-01-17 01:00:00,6.6,,,18.199876156069475,0.2001238439305233
558,165119,TASA 71,Frio,P,RC,30.3,19.2,2021-01-17 01:11:00,30.3,,,23.158011924505676,3.9580119245056764
559,165120,TASA 56,Frio,P,RC,29.0,23.3,2021-01-17 01:23:00,29.0,,,22.898011924505674,0.4019880754943266
560,165124,TASA 42,Frio,P,RC,30.8,19.3,2021-01-17 02:36:00,30.8,,,23.258011924505677,3.9580119245056764
562,165126,TASA 53,Frio,P,RC,30.0,29.8,2021-01-17 02:42:00,30.0,,,23.098011924505677,6.701988075494324
563,165128,TASA 44,Frio,P,RC,22.6,20.0,2021-01-17 02:47:00,22.6,,,21.618011924505677,1.6180119245056765
586,165167,TASA 45,Frio,P,RC,12.8,20.4,2021-01-18 02:36:00,12.8,,,19.240542751591917,1.1594572484080814
587,165168,TASA 57,Frio,P,RC,40.9,18.8,2021-01-18 03:15:00,40.9,,,25.278011924505677,6.478011924505676
588,165170,TASA 41,Frio,P,RC,33.8,15.5,2021-01-18 03:24:00,33.8,,,23.858011924505675,8.358011924505675
589,165171,TASA 52,Frio,P,RC,44.3,18.1,2021-01-18 03:31:00,44.3,,,25.958011924505676,7.858011924505675
590,165172,TASA 43,Frio,P,RC,13.2,21.0,2021-01-18 03:40:00,13.2,,,19.282694606304943,1.7173053936950566
593,165175,TASA 58,Frio,P,RC,14.2,22.7,2021-01-18 05:15:00,14.2,,,19.424026278911498,3.2759737210885014
595,165179,TASA 61,Frio,P,RC,6.5,15.9,2021-01-18 07:09:00,6.5,,,18.13784075202686,2.2378407520268606
597,165184,TASA 55,Frio,P,RC,42.7,17.5,2021-01-18 13:27:00,42.7,,,25.638011924505676,8.138011924505676
598,165187,TASA 71,Frio,P,RC,46.8,18.1,2021-01-18 19:41:00,46.8,,,26.458011924505676,8.358011924505675
604,165192,TASA 425,Frio,P,RC,39.2,25.6,2021-01-19 00:33:00,39.2,,,24.938011924505677,0.6619880754943246
606,165194,TASA 61,Frio,P,RC,18.3,17.4,2021-01-19 00:45:00,18.3,,,20.485997569920613,3.0859975699206146
608,165196,TASA 44,Frio,P,RC,35.4,27.1,2021-01-19 01:07:00,35.4,,,24.178011924505675,2.921988075494326
609,165197,TASA 42,Frio,P,RC,36.5,17.4,2021-01-19 01:08:00,36.5,,,24.398011924505674,6.9980119245056756
616,165207,TASA 45,Frio,P,RC,39.1,29.6,2021-01-19 02:17:00,39.1,,,24.918011924505677,4.681988075494324
624,165219,TASA 59,Frio,P,RC,13.3,16.1,2021-01-19 03:47:00,13.3,,,19.294461880917396,3.1944618809173946
626,165220,TASA 51,Frio,P,RC,46.2,17.9,2021-01-19 04:09:00,46.2,,,26.338011924505675,8.438011924505677
628,165223,TASA 56,Frio,P,RC,12.4,20.5,2021-01-19 06:26:00,12.4,,,19.205688655545572,1.294311344454428
629,165225,TASA 58,Frio,P,RC,16.1,17.5,2021-01-19 08:17:00,16.1,,,19.837317714827492,2.337317714827492
630,165226,TASA 419,Frio,P,RC,42.5,18.6,2021-01-19 09:48:00,42.5,,,25.598011924505677,6.9980119245056756
631,165234,TASA 54,Frio,P,RC,14.9,21.0,2021-01-19 22:52:00,14.9,,,19.555005532816907,1.4449944671830934
640,165242,TASA 43,Frio,P,RC,14.3,23.2,2021-01-20 02:41:00,14.3,,,19.441119399467837,3.758880600532162
649,165254,TASA 427,Frio,P,RC,15.2,20.6,2021-01-20 06:47:00,15.2,,,19.619057853266284,0.9809421467337174
652,165257,TASA 56,Frio,P,RC,17.1,18.1,2021-01-20 07:29:00,17.1,,,20.11777065847663,2.0177706584766284
669,165284,TASA 58,Frio,P,RC,7.1,23.0,2021-01-21 08:15:00,7.1,,,18.46516239575191,4.534837604248089
672,165292,TASA 61,Frio,P,RC,5.0,17.4,2021-01-21 08:40:00,5.0,,,16.746680474375005,0.653319525624994
673,165301,TASA 55,Frio,P,RC,2.3,16.4,2021-01-21 09:20:00,2.3,,,10.853444386115044,5.546555613884955
675,165303,TASA 42,Frio,P,RC,2.2,15.8,2021-01-21 10:20:00,2.2,,,10.515951581810008,5.284048418189993
676,165307,TASA 52,Frio,P,RC,7.2,16.1,2021-01-21 10:55:00,7.2,,,18.510002916163124,2.4100029161631227
677,165308,TASA 427,Frio,P,RC,24.4,19.5,2021-01-21 11:23:00,24.4,,,21.978011924505676,2.478011924505676
678,165309,TASA 56,Frio,P,RC,26.2,19.1,2021-01-21 12:18:00,26.2,,,22.338011924505675,3.238011924505674
679,165310,TASA 51,Frio,P,RC,9.5,19.6,2021-01-21 12:23:00,9.5,,,19.034886753326703,0.5651132466732989
680,165311,TASA 71,Frio,P,RC,5.1,19.2,2021-01-21 14:26:00,5.1,,,16.870920485098452,2.3290795149015473
8,161598,MILAGRO DE CHALPON,,T,,15.5,25.5,2020-11-25 23:36:00,15.5,,,25.10922429718451,0.390775702815489
9,161595,MILAGRO DE CHALPON III,,T,,16.2,26.6,2020-11-25 23:48:00,16.2,,,25.90156456400112,0.6984354359988814
10,161612,MILAGRO DE LA VIRGEN,,T,,15.1,27.4,2020-11-25 23:51:00,15.1,,,24.666114372817646,2.733885627182353
11,161613,MILAGROS DE CHALPON I,,T,,15.8,30.4,2020-11-26 00:09:00,15.8,,,25.446867856842957,4.953132143157042
12,161685,MILAGRO DE CHALPON II,,T,,14.0,26.7,2020-11-26 01:48:00,14.0,,,23.51263983891205,3.1873601610879483
13,161670,MI HERMINIA,,T,,13.5,24.8,2020-11-26 02:14:00,13.5,,,23.031253985450377,1.7687460145496239
15,161681,MILAGRO DE MI MADRE,,T,,21.3,26.9,2020-11-26 03:00:00,21.3,,,31.045047800000063,4.145047800000064
16,161659,MOISES I,,T,,12.7,24.2,2020-11-26 03:00:00,12.7,,,22.331466680224096,1.8685333197759029
18,161661,NARCISA DE JESUS,,T,,8.7,21.9,2020-11-26 03:30:00,8.7,,,20.276244065074067,1.6237559349259314
19,161589,TASA 424,Tradicional,P,,16.4,18.7,2020-11-26 03:34:00,16.4,,,26.12992079803155,7.429920798031549
20,161634,MARIA MAGALY,,T,,20.6,27.4,2020-11-26 04:11:00,20.6,,,30.415047800000064,3.0150478000000653
21,161609,TASA 38,Estanca,P,CA,21.5,21.2,2020-11-26 04:47:00,21.5,,,31.225047800000063,10.025047800000063
22,161641,LORENA,,T,,19.0,32.4,2020-11-26 04:50:00,19.0,,,28.961004064637052,3.4389959353629465
23,161640,MILAGRO DE LUREN III,,T,,20.8,30.2,2020-11-26 04:55:00,20.8,,,30.59504780000006,0.3950478000000608
24,161622,TASA 35,Estanca,P,CA,19.2,28.7,2020-11-26 05:04:00,19.2,,,29.154681262061757,0.45468126206175796
25,161623,TASA 36,Estanca,P,CA,16.6,24.3,2020-11-26 05:06:00,16.6,,,26.358396089908126,2.0583960899081255
26,161664,SAN JUDAS,,T,,19.2,35.3,2020-11-26 05:11:00,19.2,,,29.154681262061757,6.14531873793824
27,161666,MODESTO 6,,T,,17.8,20.3,2020-11-26 05:12:00,17.8,,,27.708533841218156,7.408533841218155
28,161669,MODESTO 7,,T,,15.8,19.2,2020-11-26 05:14:00,15.8,,,25.446867856842957,6.246867856842957
29,161678,CARMEN JUDITH 1,,T,,18.5,22.6,2020-11-26 05:22:00,18.5,,,28.456244683726965,5.856244683726963
30,161625,TASA 314,Estanca,P,CA,20.7,22.1,2020-11-26 05:26:00,20.7,,,30.50504780000006,8.405047800000059
31,161680,CARMEN JUDITH 4,,T,,15.5,28.1,2020-11-26 05:27:00,15.5,,,25.10922429718451,2.9907757028154904
32,161627,TASA 34,Estanca,P,CA,22.4,38.0,2020-11-26 05:32:00,22.4,,,32.03504780000006,5.964952199999942
33,161629,TASA 220,Tradicional,P,,18.9,21.6,2020-11-26 05:36:00,18.9,,,28.862323021450663,7.262323021450662
35,161635,TASA 210,Tradicional,P,,19.6,22.5,2020-11-26 05:56:00,19.6,,,29.526266689825064,7.026266689825064
39,161647,TASA 17,Tradicional,P,,18.7,22.7,2020-11-26 10:21:00,18.7,,,28.661472509976676,5.9614725099766765
40,161658,CARLOS Y EDUARDO,,T,,19.2,31.1,2020-11-26 11:54:56,19.2,,,29.154681262061757,1.9453187379382442
41,161691,MI JESUS SANTOS,,T,,14.6,27.8,2020-11-26 19:00:00,14.6,,,24.127946255419033,3.6720537445809676
42,161768,MILAGRO DE LUREN 3,,T,,8.6,17.2,2020-11-26 20:00:00,8.6,,,20.248363537171315,3.0483635371713156
43,161693,AURORA MARGARITA,,T,,16.1,28.6,2020-11-26 20:43:00,16.1,,,25.787560949349967,2.8124390506500347
44,161692,SAN JUAN BAUTISTA 3,,T,,16.9,25.8,2020-11-26 20:45:00,16.9,,,26.700421497181736,0.9004214971817355
45,161706,SANTA MARGARITA 2,,T,,18.3,22.7,2020-11-26 23:28:00,18.3,,,28.246981484501703,5.546981484501703
46,161707,DON MARIANO,,T,,5.0,16.3,2020-11-26 23:29:00,5.0,,,18.526527659375002,2.2265276593750016
47,161705,PALMAR-2,,T,,19.3,27.0,2020-11-26 23:33:00,19.3,,,29.24960212147039,2.2496021214703887
48,161708,MI BERTITA,,T,,7.6,27.1,2020-11-26 23:50:00,7.6,,,19.97328541489952,7.12671458510048
49,161710,JESUS ES LUZ Y VIDA 2,,T,,15.2,25.4,2020-11-26 23:55:00,15.2,,,24.775985882112778,0.6240141178872207
50,161709,AURORA MARGARITA 2,,T,,22.1,31.7,2020-11-27 00:00:00,22.1,,,31.765047800000062,0.0650478000000625
51,161711,MARIA,,T,,10.0,20.2,2020-11-27 00:00:00,10.0,,,20.706420800000018,0.5064208000000185
52,161712,MARIBEL,,T,,8.5,18.6,2020-11-27 00:10:00,8.5,,,20.220843871736292,1.620843871736291
53,161714,MODESTO,,T,,15.0,27.8,2020-11-27 00:22:00,15.0,,,24.55692681562506,3.243073184374939
54,161715,RIMAC,,T,,15.8,26.5,2020-11-27 00:41:00,15.8,,,25.446867856842957,1.0531321431570433
55,161717,SANDRINA,,T,,13.3,24.1,2020-11-27 00:49:00,13.3,,,22.847767569791998,1.2522324302080037
56,161719,SAN PEDRO,,T,,13.3,23.7,2020-11-27 00:55:00,13.3,,,22.847767569791998,0.8522324302080015
57,161718,ANTONIA II,,T,,8.0,19.0,2020-11-27 01:00:00,8.0,,,20.085367839104002,1.085367839104002
58,161724,CRISTO TE AMA YE,,T,,8.7,22.8,2020-11-27 01:30:00,8.7,,,20.276244065074067,2.5237559349259335
59,161720,TERESA,,T,,9.2,16.1,2020-11-27 01:58:00,9.2,,,20.423978797603596,4.323978797603594
60,161783,MOISES I,,T,,24.6,32.6,2020-11-27 02:00:00,24.6,,,34.01504780000006,1.4150478000000604
61,161657,MI JOSE LUIS N 2,,T,,6.2,16.8,2020-11-27 02:00:00,6.2,,,19.431867196051265,2.631867196051264
62,161656,GUIAME MADRE MIA,,T,,22.7,30.1,2020-11-27 02:00:00,22.7,,,32.30504780000006,2.2050478000000595
63,161721,VIRGEN DE LAS MERCEDES,,T,,8.7,19.5,2020-11-27 02:00:00,8.7,,,20.276244065074067,0.7762440650740672
64,161725,MACABI 9,,T,,17.9,32.1,2020-11-27 02:05:00,17.9,,,27.81778455928577,4.282215440714232
65,161765,JOSE LUIS,,T,,11.8,21.6,2020-11-27 02:10:00,11.8,,,21.661101163587517,0.06110116358751583
66,161688,TASA 426,Tradicional,P,,12.9,19.5,2020-11-27 02:15:00,12.9,,,22.49766993020168,2.997669930201681
67,161722,BENDICION DEL SE?OR,,T,,8.2,19.1,2020-11-27 02:20:00,8.2,,,20.139528001310993,1.039528001310991
68,161593,ROSA MARIA MS 1,,T,,14.5,30.7,2020-11-27 02:27:00,14.5,,,24.022869554228706,6.677130445771294
69,161723,MI JUAN,,T,,9.2,20.2,2020-11-27 02:30:00,9.2,,,20.423978797603596,0.2239787976035963
70,161689,TASA 414,Estanca,P,CA,11.9,22.5,2020-11-27 02:34:00,11.9,,,21.729156996426454,0.7708430035735461
71,161694,TASA 22,Estanca,P,SE,11.2,25.7,2020-11-27 02:43:00,11.2,,,21.286916218920197,4.413083781079802
72,161695,TASA 417,Tradicional,P,,18.6,27.1,2020-11-27 02:45:00,18.6,,,28.559384731118,1.459384731118
73,161696,TASA 411,Estanca,P,CA,17.4,30.3,2020-11-27 02:48:00,17.4,,,27.265173841713107,3.0348261582868936
74,161697,TASA 23,Estanca,P,CA,9.2,21.3,2020-11-27 02:49:00,9.2,,,20.423978797603596,0.8760212023964051
75,161698,TASA 420,Estanca,P,SE,17.9,29.9,2020-11-27 02:59:00,17.9,,,27.81778455928577,2.0822154407142293
76,161726,MARIA ANGELITA,,T,,22.3,34.6,2020-11-27 03:00:00,22.3,,,31.94504780000006,2.65495219999994
77,161654,MACABI 1,,T,,10.5,17.8,2020-11-27 03:00:00,10.5,,,20.922597966370418,3.1225979663704173
78,161781,SIEMPRE CRUZ DE CHALPON,,T,,21.5,30.8,2020-11-27 03:00:00,21.5,,,31.225047800000063,0.4250478000000619
79,161761,MILAGRO DE CHALPON,,T,,9.1,19.1,2020-11-27 03:00:00,9.1,,,20.393060091051545,1.2930600910515437
80,161690,ROSA MARIA MS 4,,T,,15.9,32.3,2020-11-27 03:02:00,15.9,,,25.560161214135277,6.73983878586472
81,161699,TASA 415,Estanca,P,SE,20.8,32.0,2020-11-27 03:03:00,20.8,,,30.59504780000006,1.40495219999994
82,161700,TASA 413,Tradicional,P,,14.2,25.4,2020-11-27 03:04:00,14.2,,,23.71353696558168,1.686463034418317
83,161701,TASA 218,Estanca,P,CA,11.5,24.2,2020-11-27 03:16:00,11.5,,,21.466706061186215,2.733293938813784
84,161702,TASA 418,Tradicional,P,,14.8,23.2,2020-11-27 03:20:00,14.8,,,24.340791022859037,1.1407910228590374
85,161703,TASA 416,Estanca,P,CA,26.4,49.1,2020-11-27 03:27:00,26.4,,,35.63504780000006,13.464952199999942
86,161682,MARISOL,,T,,13.6,24.4,2020-11-27 03:32:00,13.6,,,23.125005599522652,1.2749944004773468
87,161618,MI JOSUE,,T,,8.1,22.1,2020-11-27 03:35:00,8.1,,,20.112511646663656,1.9874883533363459
88,161769,TASA 111,Tradicional,P,,20.5,27.3,2020-11-27 04:00:00,20.5,,,30.32504780000006,3.02504780000006
89,161773,ARCA DE NOE IV,,T,,8.6,16.3,2020-11-27 04:00:00,8.6,,,20.248363537171315,3.948363537171314
90,161704,TASA 412,Tradicional,P,,14.2,20.7,2020-11-27 04:15:00,14.2,,,23.71353696558168,3.0135369655816824
92,161776,ESPERANZA EN CRISTO II,,T,,20.1,27.4,2020-11-27 05:00:00,20.1,,,29.96504780000006,2.5650478000000625
93,161743,SANTA ROSA,,T,,12.8,24.8,2020-11-27 05:05:00,12.8,,,22.41381220517252,2.3861877948274817
94,161750,COQUI X,,T,,12.4,21.3,2020-11-27 05:05:00,12.4,,,22.093693566531798,0.7936935665317968
95,161770,MODESTO 6,,T,,12.0,20.1,2020-11-27 05:09:00,12.0,,,21.798838568256002,1.6988385682560008
96,161780,MACABI 5,,T,,11.2,21.2,2020-11-27 05:10:00,11.2,,,21.286916218920197,0.08691621892019796
98,161727,ZORRITOS 2,,T,,16.5,26.3,2020-11-27 05:10:26,16.5,,,26.244169576012837,0.05583042398716387
99,161729,CARMEN JUDITH 5,,T,,23.7,36.0,2020-11-27 05:12:05,23.7,,,33.20504780000006,2.7949521999999405
100,161730,CARMEN JUDITH 2,,T,,18.0,29.0,2020-11-27 05:12:45,18.0,,,27.926302091904063,1.0736979080959372
101,161777,COQUI II,,T,,24.5,32.8,2020-11-27 05:15:00,24.5,,,33.92504780000006,1.1250478000000612
102,161778,MALAGA 1,,T,,22.0,34.4,2020-11-27 05:15:00,22.0,,,31.675047800000062,2.7249521999999367
103,161779,ISABEL II,,T,,22.9,31.9,2020-11-27 05:15:00,22.9,,,32.48504780000006,0.5850478000000621
104,161732,TASA 21,Estanca,P,CA,12.0,17.8,2020-11-27 05:17:00,12.0,,,21.798838568256002,3.9988385682560015
105,161736,TINO,,T,,10.0,19.0,2020-11-27 05:24:00,10.0,,,20.706420800000018,1.7064208000000178
106,161735,ANTICA B,,T,,13.5,24.5,2020-11-27 05:24:00,13.5,,,23.031253985450377,1.4687460145496232
107,161737,TEO,,T,,14.5,29.6,2020-11-27 05:25:00,14.5,,,24.022869554228706,5.577130445771296
108,161739,JAVIER,,T,,12.0,21.1,2020-11-27 05:26:00,12.0,,,21.798838568256002,0.6988385682560008
109,161733,TASA 32,Tradicional,P,,9.7,17.5,2020-11-27 05:28:00,9.7,,,20.5923144089126,3.0923144089126
110,161741,HUACHO 9,,T,,14.0,21.5,2020-11-27 05:49:00,14.0,,,23.51263983891205,2.012639838912051
111,161745,MODESTO 3,,T,,12.3,17.7,2020-11-27 05:52:00,12.3,,,22.017578353325533,4.317578353325533
112,161746,CARMEN JUDITH 1,,T,,10.2,17.9,2020-11-27 05:54:00,10.2,,,20.78878868192622,2.888788681926222
113,161748,SAN JUDAS II,,T,,16.3,25.2,2020-11-27 05:56:00,16.3,,,26.015701801633526,0.8157018016335265
114,161747,COQUI IX,,T,,16.9,27.1,2020-11-27 05:56:00,16.9,,,26.700421497181736,0.39957850281826524
115,161749,COQUI XII,,T,,16.4,28.2,2020-11-27 05:57:00,16.4,,,26.12992079803155,2.0700792019684506
116,161744,MODESTO 7,,T,,15.0,25.6,2020-11-27 06:00:00,15.0,,,24.55692681562506,1.04307318437494
117,161752,MI HERMINIA,,T,,21.7,30.3,2020-11-27 06:15:00,21.7,,,31.405047800000062,1.1050478000000616
118,161734,TASA 310,Estanca,P,CA,11.8,20.6,2020-11-27 06:19:00,11.8,,,21.661101163587517,1.0611011635875158
119,161738,TASA 37,Estanca,P,SE,15.4,24.5,2020-11-27 06:25:00,15.4,,,24.997589411299415,0.4975894112994155
120,161740,TASA 424,Tradicional,P,,11.9,20.5,2020-11-27 06:31:00,11.9,,,21.729156996426454,1.229156996426454
121,161762,MILAGRO DE CHALPON II,,T,,17.7,25.3,2020-11-27 06:37:00,17.7,,,27.598598271728207,2.2985982717282063
122,161742,TASA 36,Estanca,P,CA,18.2,21.2,2020-11-27 06:48:00,18.2,,,28.14094730277452,6.940947302774521
123,161771,CARMEN JUDITH 4,,T,,6.9,17.9,2020-11-27 07:09:00,6.9,,,19.744489199329685,1.8444891993296864
124,161751,TASA 315,Tradicional,P,,8.4,19.6,2020-11-27 07:19:00,8.4,,,20.193594659547834,0.5935946595478327
126,161759,NARCISA DE JESUS,,T,,16.6,27.3,2020-11-27 07:50:00,16.6,,,26.358396089908126,0.9416039100918745
127,161754,TASA 31,Tradicional,P,,12.5,21.1,2020-11-27 07:54:00,12.5,,,22.17139006689456,1.0713900668945584
128,161763,MILAGRO DE LA VIRGEN,,T,,19.5,31.9,2020-11-27 08:21:00,19.5,,,29.435428885142784,2.4645711148572147
129,161755,TASA 210,Tradicional,P,,11.5,21.9,2020-11-27 08:24:00,11.5,,,21.466706061186215,0.4332939388137831
130,161764,MILAGRO DE CHALPON III,,T,,12.7,25.5,2020-11-27 08:41:00,12.7,,,22.331466680224096,3.1685333197759036
131,161756,TASA 314,Estanca,P,CA,9.8,19.3,2020-11-27 09:58:00,9.8,,,20.6291513777281,1.329151377728099
132,161757,TASA 220,Tradicional,P,,11.3,21.5,2020-11-27 10:02:00,11.3,,,21.34523316811908,0.1547668318809201
134,161760,TASA 35,Estanca,P,CA,11.6,19.5,2020-11-27 10:26:00,11.6,,,21.52987603213242,2.029876032132421
135,161766,TASA 51,Frio,P,GF,26.8,25.9,2020-11-27 11:29:00,26.8,,,35.995047800000066,10.095047800000067
136,161767,TASA 38,Estanca,P,CA,11.5,18.7,2020-11-27 11:36:00,11.5,,,21.466706061186215,2.766706061186216
137,161774,SAN JUAN,,T,,26.1,34.8,2020-11-27 12:43:15,26.1,,,35.36504780000006,0.565047800000066
138,161775,TASA 17,Tradicional,P,,10.7,19.2,2020-11-27 12:50:00,10.7,,,21.019033974080315,1.819033974080316
141,161800,BENDICION DEL SE?OR,,T,,12.6,24.6,2020-11-27 23:09:00,12.6,,,22.25065324300408,2.3493467569959208
142,161804,ARCA DE NOE IV,,T,,16.7,23.7,2020-11-27 23:13:00,16.7,,,26.472548270042665,2.772548270042666
143,161805,MARIBEL,,T,,15.1,24.6,2020-11-27 23:27:00,15.1,,,24.666114372817646,0.0661143728176441
144,161801,MI JUAN,,T,,9.2,23.8,2020-11-27 23:30:00,9.2,,,20.423978797603596,3.376021202396405
145,161803,JOSE LUIS,,T,,14.3,20.9,2020-11-27 23:40:00,14.3,,,23.815623163716708,2.9156231637167096
146,161802,MI JOSE LUIS N 2,,T,,13.7,23.5,2020-11-27 23:45:00,13.7,,,23.220053936600607,0.2799460633993931
147,161807,VIRGEN DE LAS MERCEDES,,T,,12.0,25.0,2020-11-27 23:50:00,12.0,,,21.798838568256002,3.201161431743998
148,161824,MI BERTITA,,T,,16.8,29.3,2020-11-27 23:55:00,16.8,,,26.58657406721565,2.71342593278435
149,161808,MARIA,,T,,13.0,28.3,2020-11-27 23:58:00,13.0,,,22.583018297879022,5.716981702120979
150,161809,MACABI 1,,T,,18.9,25.7,2020-11-28 00:00:00,18.9,,,28.862323021450663,3.162323021450664
151,161810,ANTONIA II,,T,,8.1,21.6,2020-11-28 00:00:00,8.1,,,20.112511646663656,1.4874883533363459
152,161813,SANDRINA,,T,,12.2,23.9,2020-11-28 00:00:00,12.2,,,21.94305719097865,1.9569428090213492
153,161788,TASA 58,Frio,P,,16.6,17.7,2020-11-28 00:03:00,16.6,,,26.358396089908126,8.658396089908127
154,161812,SAN PEDRO,,T,,15.1,26.0,2020-11-28 00:11:00,15.1,,,24.666114372817646,1.3338856271823545
155,161814,TERESA,,T,,11.5,24.6,2020-11-28 00:22:00,11.5,,,21.466706061186215,3.133293938813786
156,161816,MODESTO,,T,,14.0,34.9,2020-11-28 00:23:00,14.0,,,23.51263983891205,11.387360161087948
157,161817,RIMAC,,T,,13.6,24.0,2020-11-28 00:33:00,13.6,,,23.125005599522652,0.8749944004773482
158,161687,DON ALFONSO,,T,,17.5,25.5,2020-11-28 01:00:00,17.5,,,27.37686864130859,1.8768686413085902
159,161883,MARISOL,,T,,14.5,25.9,2020-11-28 01:34:00,14.5,,,24.022869554228706,1.877130445771293
160,161790,TASA 424,Tradicional,P,,8.7,18.0,2020-11-28 01:46:00,8.7,,,20.276244065074067,2.276244065074067
161,161819,ROSA MARIA MS 4,,T,,14.0,25.4,2020-11-28 02:00:00,14.0,,,23.51263983891205,1.8873601610879476
162,161890,BENDICION DE MI MADRE,,T,,16.6,24.2,2020-11-28 02:00:00,16.6,,,26.358396089908126,2.158396089908127
163,161791,TASA 218,Estanca,P,CA,17.3,25.7,2020-11-28 02:09:00,17.3,,,27.152992624401975,1.4529926244019755
164,161860,ESPERANZA EN CRISTO II,,T,,13.9,24.0,2020-11-28 02:20:00,13.9,,,23.41390625265899,0.5860937473410104
165,161792,TASA 414,Estanca,P,CA,11.3,19.4,2020-11-28 02:37:00,11.3,,,21.34523316811908,1.9452331681190813
166,161822,ROSA MARIA MS 1,,T,,8.3,26.5,2020-11-28 02:39:00,8.3,,,20.166521908937895,6.333478091062105
167,161793,TASA 413,Tradicional,P,,14.1,16.5,2020-11-28 02:52:00,14.1,,,23.612529451676878,7.112529451676878
168,161794,TASA 22,Estanca,P,SE,18.3,27.4,2020-11-28 02:56:00,18.3,,,28.246981484501703,0.8469814845017041
169,161825,PALMAR-2,,T,,14.2,28.6,2020-11-28 03:00:00,14.2,,,23.71353696558168,4.88646303441832
170,161797,TASA 23,Estanca,P,CA,14.1,26.6,2020-11-28 03:05:00,14.1,,,23.612529451676878,2.987470548323124
171,161799,TASA 418,Tradicional,P,,11.8,20.3,2020-11-28 03:07:00,11.8,,,21.661101163587517,1.3611011635875165
172,161842,LORENA,,T,,15.9,28.6,2020-11-28 03:20:00,15.9,,,25.560161214135277,3.039838785864724
173,161841,MACABI 9,,T,,18.1,27.1,2020-11-28 04:00:00,18.1,,,28.034038703768175,0.9340387037681737
174,161843,NARCISA DE JESUS,,T,,17.6,34.3,2020-11-28 04:50:00,17.6,,,27.48802673908267,6.811973260917327
175,161828,TASA 420,Estanca,P,SE,12.6,19.6,2020-11-28 04:56:00,12.6,,,22.25065324300408,2.6506532430040792
176,161896,DON JUAN II,,T,,17.9,30.3,2020-11-28 05:00:00,17.9,,,27.81778455928577,2.4822154407142314
177,161849,MILAGRO DE MI MADRE,,T,,15.6,29.4,2020-11-28 05:13:00,15.6,,,25.221348956119925,4.178651043880073
178,161833,TASA 412,Tradicional,P,,8.8,21.5,2020-11-28 05:30:00,8.8,,,20.304572326699287,1.1954276733007134
179,161834,TASA 32,Tradicional,P,,8.6,17.4,2020-11-28 05:35:00,8.6,,,20.248363537171315,2.8483635371713163
180,164186,CARMEN JUDITH 2,,T,,12.3,26.3,2020-12-27 14:28:19,12.3,,,22.017578353325533,4.282421646674468
183,164216,TEO,,T,,21.9,44.0,2020-12-27 23:54:00,21.9,,,31.58504780000006,12.414952199999941
184,164208,COQUI XII,,T,,21.9,30.7,2020-12-28 00:42:00,21.9,,,31.58504780000006,0.8850478000000592
185,164254,TINO,,T,,21.1,43.3,2020-12-28 00:53:00,21.1,,,30.865047800000063,12.434952199999934
186,164255,SANTA ROSA,,T,,17.4,35.3,2020-12-28 00:55:00,17.4,,,27.265173841713107,8.03482615828689
187,164214,DON JOSE I,,T,,15.9,30.4,2020-12-28 01:51:00,15.9,,,25.560161214135277,4.839838785864721
188,164202,TASA 34,Estanca,P,CA,20.0,30.7,2020-12-28 01:56:00,20.0,,,29.87504780000006,0.8249521999999381
189,164241,SANDRINA,,T,,18.2,34.2,2020-12-28 02:00:00,18.2,,,28.14094730277452,6.059052697225482
191,164217,JAVIER,,T,,16.5,32.4,2020-12-28 02:55:00,16.5,,,26.244169576012837,6.155830423987162
193,164207,TASA 415,Estanca,P,SE,13.5,25.5,2020-12-28 04:19:00,13.5,,,23.031253985450377,2.468746014549623
195,164249,ANTONIA II,,T,,12.6,25.1,2020-12-28 05:01:00,12.6,,,22.25065324300408,2.8493467569959208
196,164235,CARMEN JUDITH 4,,T,,18.4,33.7,2020-12-28 06:00:00,18.4,,,28.352095576691028,5.347904423308975
197,164234,CARMEN JUDITH 3,,T,,15.6,35.2,2020-12-28 06:00:00,15.6,,,25.221348956119925,9.978651043880078
198,164221,TASA 414,Estanca,P,CA,13.7,25.3,2020-12-28 06:25:00,13.7,,,23.220053936600607,2.079946063399394
199,164222,TASA 416,Estanca,P,CA,22.3,37.7,2020-12-28 06:55:00,22.3,,,31.94504780000006,5.754952199999941
200,164223,TASA 35,Estanca,P,CA,15.6,29.7,2020-12-28 07:16:00,15.6,,,25.221348956119925,4.478651043880074
201,164226,TASA 210,Tradicional,P,,17.6,31.2,2020-12-28 08:55:00,17.6,,,27.48802673908267,3.711973260917329
202,164227,TASA 420,Estanca,P,SE,16.7,32.8,2020-12-28 08:58:00,16.7,,,26.472548270042665,6.327451729957332
203,164238,CARMEN JUDITH 1,,T,,14.0,23.7,2020-12-28 09:00:00,14.0,,,23.51263983891205,0.18736016108794828
204,164244,MACABI 1,,T,,9.5,21.3,2020-12-28 09:00:00,9.5,,,20.521981464752102,0.7780185352478988
205,164229,TASA 426,Tradicional,P,,20.7,26.4,2020-12-28 09:58:00,20.7,,,30.50504780000006,4.105047800000062
206,164236,TASA 424,Tradicional,P,,14.8,21.0,2020-12-28 11:13:00,14.8,,,24.340791022859037,3.3407910228590367
207,164246,TASA 412,Tradicional,P,,14.4,29.1,2020-12-28 11:58:00,14.4,,,23.918747782114053,5.181252217885948
208,164248,TASA 37,Estanca,P,SE,13.4,25.6,2020-12-28 12:24:00,13.4,,,22.93883109485637,2.661168905143633
209,164256,TASA 418,Tradicional,P,,16.4,30.0,2020-12-28 14:19:00,16.4,,,26.12992079803155,3.8700792019684513
210,164257,TASA 411,Estanca,P,SE,16.1,24.5,2020-12-28 17:31:00,16.1,,,25.787560949349967,1.2875609493499667
213,164259,COQUI VI,,T,,16.8,33.9,2020-12-28 23:52:37,16.8,,,26.58657406721565,7.313425932784348
214,164277,MODESTO,,T,,12.0,24.1,2020-12-29 00:28:00,12.0,,,21.798838568256002,2.3011614317439992
215,164304,ANTICA B,,T,,5.2,23.4,2020-12-29 00:45:00,5.2,,,18.721393686121715,4.678606313878284
216,164305,TINO,,T,,11.4,21.9,2020-12-29 00:46:00,11.4,,,21.4051603956094,0.4948396043905987
217,164297,SANDRINA,,T,,10.5,20.3,2020-12-29 01:00:00,10.5,,,20.922597966370418,0.6225979663704173
218,164301,CARMEN JUDITH 3,,T,,11.4,26.0,2020-12-29 01:00:00,11.4,,,21.4051603956094,4.5948396043906
219,164262,TASA 218,Estanca,P,CA,24.7,47.1,2020-12-29 01:30:00,24.7,,,34.10504780000006,12.994952199999943
220,164287,TASA 413,Tradicional,P,,15.4,33.0,2020-12-29 01:35:00,15.4,,,24.997589411299415,8.002410588700585
221,164263,TASA 315,Tradicional,P,,12.7,19.7,2020-12-29 01:49:00,12.7,,,22.331466680224096,2.631466680224097
223,164300,CARMEN JUDITH 5,,T,,10.5,19.5,2020-12-29 02:00:00,10.5,,,20.922597966370418,1.422597966370418
224,164265,TASA 21,Estanca,P,CA,15.3,27.3,2020-12-29 02:02:00,15.3,,,24.886493657645758,2.4135063423542427
225,164273,MACABI 10,,T,,7.7,19.4,2020-12-29 02:24:00,7.7,,,20.0020649676145,0.6020649676145027
226,164266,TASA 32,Tradicional,P,,12.0,24.3,2020-12-29 02:24:00,12.0,,,21.798838568256002,2.5011614317439985
227,164274,ZORRITOS 2,,T,,10.3,23.6,2020-12-29 02:26:00,10.3,,,20.831987793162497,2.768012206837504
228,164267,TASA 36,Estanca,P,CA,14.1,23.0,2020-12-29 03:15:00,14.1,,,23.612529451676878,0.6125294516768776
229,164268,TASA 417,Tradicional,P,,14.2,30.3,2020-12-29 03:20:00,14.2,,,23.71353696558168,6.586463034418319
230,164271,TASA 17,Tradicional,P,,19.0,39.4,2020-12-29 03:59:00,19.0,,,28.961004064637052,10.438995935362946
231,164275,TASA 31,Tradicional,P,,23.0,49.9,2020-12-29 04:25:00,23.0,,,32.575047800000064,17.324952199999935
232,164282,TASA 23,Estanca,P,SE,8.2,20.9,2020-12-29 04:49:00,8.2,,,20.139528001310993,0.7604719986890061
233,164307,DON JOSE I,,T,,9.5,18.1,2020-12-29 05:01:00,9.5,,,20.521981464752102,2.4219814647521005
234,164281,TASA 314,Estanca,P,CA,8.5,19.2,2020-12-29 05:02:00,8.5,,,20.220843871736292,1.020843871736293
235,164283,TASA 22,Estanca,P,CA,4.4,17.9,2020-12-29 05:46:00,4.4,,,17.80257334934854,0.09742665065146028
236,164285,TASA 38,Estanca,P,CA,9.0,20.5,2020-12-29 05:55:00,9.0,,,20.362902113187005,0.13709788681299528
237,164296,SAN JUDAS,,T,,6.9,18.1,2020-12-29 06:00:00,6.9,,,19.744489199329685,1.6444891993296835
238,164299,CARMEN JUDITH 4,,T,,9.3,19.1,2020-12-29 06:00:00,9.3,,,20.45572808147348,1.3557280814734796
239,164298,ANTONIA II,,T,,8.3,21.9,2020-12-29 06:00:00,8.3,,,20.166521908937895,1.7334780910621035
240,164286,TASA 310,Estanca,P,CA,8.8,18.5,2020-12-29 06:13:00,8.8,,,20.304572326699287,1.8045723266992866
241,164289,TASA 111,Tradicional,P,,6.8,18.6,2020-12-29 06:42:00,6.8,,,19.70621219795739,1.1062121979573902
242,164290,TASA 37,Estanca,P,SE,8.6,19.0,2020-12-29 08:09:00,8.6,,,20.248363537171315,1.2483635371713149
243,164293,JAVIER,,T,,6.0,24.6,2020-12-29 08:09:00,6.0,,,19.319222710847995,5.280777289152006
244,164294,SANTA ROSA,,T,,12.8,26.0,2020-12-29 08:30:00,12.8,,,22.41381220517252,3.586187794827481
245,164291,TASA 34,Estanca,P,CA,13.3,23.2,2020-12-29 10:15:00,13.3,,,22.847767569791998,0.35223243020800155
246,164292,TEO,,T,,13.4,27.0,2020-12-29 11:08:33,13.4,,,22.93883109485637,4.0611689051436315
247,164295,TASA 426,Tradicional,P,,5.6,19.6,2020-12-29 11:33:00,5.6,,,19.053079877940043,0.5469201220599587
248,164302,TASA 418,Tradicional,P,,10.8,22.2,2020-12-29 11:55:00,10.8,,,21.069505280306444,1.130494719693555
249,164311,TASA 426,Tradicional,P,,14.7,22.9,2020-12-29 23:38:00,14.7,,,24.233934747427043,1.333934747427044
250,164313,TASA 22,Estanca,P,CA,15.3,25.6,2020-12-29 23:54:00,15.3,,,24.886493657645758,0.7135063423542434
251,164364,TASA 23,Estanca,P,CA,16.2,26.8,2020-12-30 00:42:00,16.2,,,25.90156456400112,0.8984354359988806
252,164315,TASA 111,Tradicional,P,,17.1,26.3,2020-12-30 00:54:00,17.1,,,26.92737391016962,0.6273739101696201
253,164353,SANTA ROSA,,T,,14.4,30.2,2020-12-30 01:06:00,14.4,,,23.918747782114053,6.281252217885946
254,164317,TASA 414,Estanca,P,CA,11.7,22.8,2020-12-30 02:19:00,11.7,,,21.594673927699418,1.2053260723005828
255,164327,ZORRITOS 2,,T,,14.6,31.1,2020-12-30 02:20:00,14.6,,,24.127946255419033,6.972053744580968
256,164328,ANTICA B,,T,,11.9,24.4,2020-12-30 02:22:00,11.9,,,21.729156996426454,2.6708430035735446
257,164318,TASA 415,Estanca,P,SE,14.0,21.7,2020-12-30 02:40:00,14.0,,,23.51263983891205,1.8126398389120517
258,164319,TASA 412,Tradicional,P,,11.6,22.1,2020-12-30 02:42:00,11.6,,,21.52987603213242,0.5701239678675805
259,164326,TEO,,T,,15.5,31.8,2020-12-30 03:18:00,15.5,,,25.10922429718451,6.69077570281549
260,164320,TASA 36,Estanca,P,CA,16.8,29.7,2020-12-30 03:21:00,16.8,,,26.58657406721565,3.1134259327843488
261,164322,TASA 315,Tradicional,P,,17.2,30.5,2020-12-30 03:46:00,17.2,,,27.040375649799955,3.4596243502000448
262,164323,TASA 420,Estanca,P,SE,14.4,24.1,2020-12-30 03:47:00,14.4,,,23.918747782114053,0.18125221788594814
263,164351,TINO,,T,,15.2,33.0,2020-12-30 04:42:00,15.2,,,24.775985882112778,8.224014117887222
264,164352,MODESTO,,T,,15.5,31.9,2020-12-30 04:45:00,15.5,,,25.10922429718451,6.790775702815488
265,164332,TASA 32,Tradicional,P,,10.3,21.8,2020-12-30 04:54:00,10.3,,,20.831987793162497,0.9680122068375034
266,164333,TASA 411,Estanca,P,CA,9.5,19.8,2020-12-30 05:32:00,9.5,,,20.521981464752102,0.7219814647521012
267,164334,TASA 424,Tradicional,P,,14.7,24.5,2020-12-30 05:46:00,14.7,,,24.233934747427043,0.26606525257295743
268,164345,CARMEN JUDITH 2,,T,,16.9,29.8,2020-12-30 06:00:00,16.9,,,26.700421497181736,3.0995785028182645
269,164335,TASA 34,Estanca,P,CA,14.8,24.5,2020-12-30 06:02:00,14.8,,,24.340791022859037,0.15920897714096327
270,164339,TASA 417,Tradicional,P,,8.5,18.7,2020-12-30 08:19:00,8.5,,,20.220843871736292,1.520843871736293
273,164816,ZORRITOS 2,,T,,14.4,27.4,2021-01-08 22:15:10,14.4,,,23.918747782114053,3.4812522178859453
276,164811,MACABI 1,,T,,11.4,24.6,2021-01-09 01:34:00,11.4,,,21.4051603956094,3.1948396043906016
277,164812,MACABI 10,,T,,10.8,21.7,2021-01-09 01:35:00,10.8,,,21.069505280306444,0.6304947196935551
278,164776,TASA 314,Estanca,P,CA,19.0,44.0,2021-01-09 02:49:00,19.0,,,28.961004064637052,15.038995935362948
279,164778,TASA 415,Estanca,P,SE,14.5,29.2,2021-01-09 03:04:00,14.5,,,24.022869554228706,5.177130445771294
282,164783,TASA 418,Tradicional,P,,12.1,25.4,2021-01-09 05:01:00,12.1,,,21.870140951006334,3.5298590489936643
283,164802,MODESTO,,T,,16.3,36.3,2021-01-09 05:39:00,16.3,,,26.015701801633526,10.284298198366471
286,164790,TASA 412,Tradicional,P,,7.9,25.3,2021-01-09 06:42:00,7.9,,,20.057987812371152,5.242012187628848
287,164795,TASA 111,Tradicional,P,,13.5,26.9,2021-01-09 09:00:00,13.5,,,23.031253985450377,3.8687460145496217
290,164799,TASA 424,Tradicional,P,,19.1,38.5,2021-01-09 10:05:00,19.1,,,29.05846954939358,9.441530450606422
293,164864,MODESTO,,T,,13.4,24.3,2021-01-10 00:38:00,13.4,,,22.93883109485637,1.3611689051436322
294,164839,ANTICA B,,T,,11.1,22.1,2021-01-10 01:00:00,11.1,,,21.230199051225057,0.8698009487749445
297,164863,TINO,,T,,14.3,29.1,2021-01-10 01:45:00,14.3,,,23.815623163716708,5.284376836283293
298,164821,TASA 414,Estanca,P,CA,7.4,20.4,2021-01-10 01:49:00,7.4,,,19.91346874160645,0.4865312583935477
299,164822,TASA 417,Tradicional,P,,21.0,39.8,2021-01-10 02:12:00,21.0,,,30.77504780000006,9.024952199999937
300,164840,SANTA ROSA,,T,,16.5,31.3,2021-01-10 02:15:00,16.5,,,26.244169576012837,5.055830423987164
301,164824,TASA 420,Estanca,P,CA,15.3,29.2,2021-01-10 03:27:00,15.3,,,24.886493657645758,4.313506342354241
303,164826,TASA 416,Estanca,P,CA,10.3,23.2,2021-01-10 03:30:00,10.3,,,20.831987793162497,2.368012206837502
304,164827,TASA 22,Estanca,P,CA,18.8,36.6,2021-01-10 03:31:00,18.8,,,28.76246572149992,7.83753427850008
305,164846,TASA 413,Tradicional,P,,10.5,20.9,2021-01-10 03:32:00,10.5,,,20.922597966370418,0.022597966370419442
306,164828,TASA 218,Estanca,P,CA,22.8,43.6,2021-01-10 03:35:00,22.8,,,32.395047800000064,11.204952199999937
307,164829,TASA 34,Estanca,P,CA,9.2,30.9,2021-01-10 03:37:00,9.2,,,20.423978797603596,10.476021202396403
308,164830,TASA 17,Tradicional,P,,9.6,29.5,2021-01-10 03:37:00,9.6,,,20.55660908392685,8.943390916073149
309,164832,TASA 32,Tradicional,P,,22.0,32.1,2021-01-10 03:46:00,22.0,,,31.675047800000062,0.4249521999999395
310,164833,TASA 411,Estanca,P,CA,8.7,19.9,2021-01-10 03:48:00,8.7,,,20.276244065074067,0.3762440650740686
311,164834,TASA 315,Tradicional,P,,9.4,25.3,2021-01-10 04:00:00,9.4,,,20.48837452020826,4.81162547979174
312,164838,MACABI 9,,T,,13.9,27.1,2021-01-10 04:00:00,13.9,,,23.41390625265899,3.686093747341012
314,164836,TASA 38,Estanca,P,CA,13.5,18.9,2021-01-10 04:30:00,13.5,,,23.031253985450377,4.131253985450378
315,164837,TASA 426,Tradicional,P,,12.4,18.0,2021-01-10 04:34:00,12.4,,,22.093693566531798,4.0936935665317975
316,164851,TEO,,T,,10.9,20.9,2021-01-10 04:50:00,10.9,,,21.121510121349644,0.22151012134964532
317,164841,TASA 310,Estanca,P,CA,16.1,29.2,2021-01-10 05:07:00,16.1,,,25.787560949349967,3.4124390506500326
318,164854,SAN JUDAS II,,T,,12.7,18.2,2021-01-10 05:10:00,12.7,,,22.331466680224096,4.131466680224097
319,164855,SAN JUDAS,,T,,14.1,18.1,2021-01-10 05:10:00,14.1,,,23.612529451676878,5.512529451676876
320,164859,MALAGA 1,,T,,17.1,24.8,2021-01-10 05:10:00,17.1,,,26.92737391016962,2.12737391016962
322,164843,TASA 35,Estanca,P,CA,14.4,19.8,2021-01-10 05:38:00,14.4,,,23.918747782114053,4.118747782114053
323,164857,COQUI X,,T,,11.1,16.4,2021-01-10 05:40:00,11.1,,,21.230199051225057,4.830199051225058
324,164844,TASA 36,Estanca,P,CA,23.1,49.3,2021-01-10 05:41:00,23.1,,,32.66504780000006,16.634952199999937
326,164850,ZORRITOS 2,,T,,13.8,28.7,2021-01-10 05:52:00,13.8,,,23.316365682270643,5.383634317729356
327,164858,COQUI II,,T,,12.4,18.4,2021-01-10 06:00:00,12.4,,,22.093693566531798,3.693693566531799
328,164856,COQUI VI,,T,,12.6,18.4,2021-01-10 06:00:00,12.6,,,22.25065324300408,3.850653243004082
330,164848,TASA 415,Estanca,P,SE,7.5,23.9,2021-01-10 06:18:00,7.5,,,19.943796084667987,3.9562039153320114
331,164849,TASA 31,Tradicional,P,,10.1,18.7,2021-01-10 06:19:00,10.1,,,20.74694606401208,2.0469460640120793
332,164852,TASA 314,Estanca,P,CA,18.1,39.4,2021-01-10 07:51:00,18.1,,,28.034038703768175,11.365961296231823
333,164853,TASA 210,Tradicional,P,,5.9,19.3,2021-01-10 08:01:00,5.9,,,19.258092542727542,0.04190745727245826
336,164862,TASA 37,Estanca,P,SE,9.6,18.4,2021-01-10 11:47:00,9.6,,,20.55660908392685,2.1566090839268526
337,164879,ANTICA B,,T,,16.2,31.5,2021-01-11 00:50:00,16.2,,,25.90156456400112,5.59843543599888
338,164882,MACABI 1,,T,,8.3,20.8,2021-01-11 00:53:00,8.3,,,20.166521908937895,0.6334780910621056
343,164870,TASA 418,Tradicional,P,,25.0,38.9,2021-01-11 03:11:00,25.0,,,34.37504780000006,4.524952199999937
344,164871,TASA 420,Estanca,P,CA,10.4,21.8,2021-01-11 03:15:00,10.4,,,20.8765797108625,0.9234202891374999
345,164906,COQUI IX,,T,,9.3,16.3,2021-01-11 03:31:00,9.3,,,20.45572808147348,4.15572808147348
346,164881,MACABI 10,,T,,20.9,45.8,2021-01-11 03:52:00,20.9,,,30.68504780000006,15.114952199999937
347,164883,TEO,,T,,22.0,47.0,2021-01-11 03:54:00,22.0,,,31.675047800000062,15.324952199999938
348,164910,COQUI XII,,T,,8.5,16.4,2021-01-11 03:58:00,8.5,,,20.220843871736292,3.820843871736294
349,164872,TASA 412,Tradicional,P,,14.9,19.3,2021-01-11 04:07:00,14.9,,,24.44847024966616,5.148470249666158
350,164873,TASA 414,Estanca,P,CA,9.0,21.5,2021-01-11 04:09:00,9.0,,,20.362902113187005,1.1370978868129953
351,164874,TASA 34,Estanca,P,CA,12.8,18.2,2021-01-11 04:10:00,12.8,,,22.41381220517252,4.21381220517252
352,164875,TASA 17,Tradicional,P,,8.0,19.9,2021-01-11 04:20:00,8.0,,,20.085367839104002,0.18536783910400345
353,164876,TASA 35,Estanca,P,SE,11.7,22.2,2021-01-11 04:25:00,11.7,,,21.594673927699418,0.6053260723005813
354,164894,ZORRITOS 2,,T,,18.8,38.4,2021-01-11 04:41:00,18.8,,,28.76246572149992,9.637534278500077
356,164884,TASA 37,Estanca,P,SE,12.3,21.3,2021-01-11 04:55:00,12.3,,,22.017578353325533,0.717578353325532
357,164885,TASA 426,Tradicional,P,,9.5,20.9,2021-01-11 05:00:00,9.5,,,20.521981464752102,0.37801853524789664
358,164900,COQUI X,,T,,4.4,18.6,2021-01-11 05:00:00,4.4,,,17.80257334934854,0.7974266506514631
359,164901,MALAGA 1,,T,,8.0,14.2,2021-01-11 05:00:00,8.0,,,20.085367839104002,5.885367839104003
360,164902,SAN JUDAS II,,T,,7.2,18.7,2021-01-11 05:00:00,7.2,,,19.8497668949993,1.1497668949992992
361,164903,COQUI VI,,T,,7.7,14.3,2021-01-11 05:00:00,7.7,,,20.0020649676145,5.7020649676145005
362,164904,COQUI II,,T,,7.4,17.8,2021-01-11 05:00:00,7.4,,,19.91346874160645,2.11346874160645
363,164905,SAN JUDAS,,T,,6.8,18.1,2021-01-11 05:00:00,6.8,,,19.70621219795739,1.6062121979573902
364,164886,TASA 38,Estanca,P,CA,9.9,17.5,2021-01-11 05:07:00,9.9,,,20.66717087971132,3.167170879711321
365,164887,TASA 210,Tradicional,P,,12.3,19.2,2021-01-11 05:11:00,12.3,,,22.017578353325533,2.8175783533255334
366,164895,MODESTO,,T,,19.5,39.7,2021-01-11 05:22:00,19.5,,,29.435428885142784,10.264571114857219
367,164896,SANTA ROSA,,T,,29.0,62.4,2021-01-11 05:26:00,29.0,,,37.97504780000006,24.424952199999936
368,164888,TASA 31,Tradicional,P,,8.4,20.2,2021-01-11 05:28:00,8.4,,,20.193594659547834,0.00640534045216512
369,164889,TASA 415,Estanca,P,SE,5.8,20.1,2021-01-11 06:24:00,5.8,,,19.193494643737917,0.906505356262084
370,164897,MACABI 9,,T,,8.2,18.8,2021-01-11 06:28:00,8.2,,,20.139528001310993,1.3395280013109918
371,164890,TASA 21,Estanca,P,CA,6.5,18.6,2021-01-11 06:38:00,6.5,,,19.579624531672167,0.9796245316721652
372,164891,TASA 315,Tradicional,P,,7.2,19.7,2021-01-11 06:51:00,7.2,,,19.8497668949993,0.14976689499929918
380,164954,MACABI 9,,T,,22.1,50.9,2021-01-11 22:50:00,22.1,,,31.765047800000062,19.134952199999937
383,164915,TASA 310,Estanca,P,CA,24.2,39.7,2021-01-12 02:04:00,24.2,,,33.65504780000006,6.0449521999999405
384,164916,TASA 420,Estanca,P,CA,11.3,21.2,2021-01-12 02:16:00,11.3,,,21.34523316811908,0.1452331681190806
385,164936,TASA 413,Tradicional,P,,22.6,38.2,2021-01-12 02:25:00,22.6,,,32.215047800000065,5.984952199999938
386,164917,TASA 411,Estanca,P,SE,11.3,28.8,2021-01-12 02:35:00,11.3,,,21.34523316811908,7.454766831880921
388,164919,TASA 416,Estanca,P,CA,28.7,63.1,2021-01-12 02:59:00,28.7,,,37.70504780000006,25.394952199999942
389,164920,TASA 414,Estanca,P,CA,4.3,16.9,2021-01-12 03:48:00,4.3,,,17.658870063465795,0.7588700634657961
390,164921,TASA 35,Estanca,P,CA,4.3,17.0,2021-01-12 03:51:00,4.3,,,17.658870063465795,0.6588700634657947
391,164922,TASA 210,Tradicional,P,,23.0,35.2,2021-01-12 04:20:00,23.0,,,32.575047800000064,2.624952199999939
392,164923,TASA 31,Tradicional,P,,16.0,27.5,2021-01-12 04:40:00,16.0,,,25.673742664448042,1.8262573355519578
393,164953,ANTICA B,,T,,26.8,61.2,2021-01-12 04:50:00,26.8,,,35.995047800000066,25.204952199999937
394,164938,COQUI II,,T,,6.2,16.9,2021-01-12 05:00:00,6.2,,,19.431867196051265,2.531867196051266
395,164939,COQUI VI,,T,,12.1,19.6,2021-01-12 05:00:00,12.1,,,21.870140951006334,2.270140951006333
396,164940,COQUI IX,,T,,11.0,18.8,2021-01-12 05:00:00,11.0,,,21.17506878677301,2.37506878677301
397,164942,COQUI XII,,T,,9.4,20.2,2021-01-12 05:00:00,9.4,,,20.48837452020826,0.2883745202082615
398,164943,MALAGA 1,,T,,9.3,20.0,2021-01-12 05:00:00,9.3,,,20.45572808147348,0.455728081473481
399,164944,SAN JUDAS,,T,,14.5,21.5,2021-01-12 05:00:00,14.5,,,24.022869554228706,2.5228695542287056
400,164945,SAN JUDAS II,,T,,16.8,26.2,2021-01-12 05:00:00,16.8,,,26.58657406721565,0.38657406721565124
401,164941,COQUI X,,T,,21.5,32.4,2021-01-12 05:00:00,21.5,,,31.225047800000063,1.174952199999936
402,164925,TASA 426,Tradicional,P,,11.5,19.3,2021-01-12 05:02:00,11.5,,,21.466706061186215,2.166706061186215
403,164926,TASA 21,Estanca,P,CA,8.4,19.0,2021-01-12 05:03:00,8.4,,,20.193594659547834,1.1935946595478342
404,164924,TASA 34,Estanca,P,CA,10.6,20.9,2021-01-12 05:10:00,10.6,,,20.970073353712976,0.07007335371297785
405,164927,TASA 415,Estanca,P,SE,14.6,21.8,2021-01-12 05:17:00,14.6,,,24.127946255419033,2.3279462554190324
406,164928,TASA 314,Estanca,P,CA,22.5,43.5,2021-01-12 05:25:00,22.5,,,32.12504780000006,11.374952199999939
407,164930,TASA 38,Estanca,P,CA,13.4,23.2,2021-01-12 05:30:00,13.4,,,22.93883109485637,0.2611689051436308
408,164929,TASA 315,Tradicional,P,,13.8,25.1,2021-01-12 05:36:00,13.8,,,23.316365682270643,1.7836343177293585
409,164931,TASA 17,Tradicional,P,,11.4,22.8,2021-01-12 06:07:00,11.4,,,21.4051603956094,1.3948396043906008
410,164932,TASA 412,Tradicional,P,,17.2,28.3,2021-01-12 06:10:00,17.2,,,27.040375649799955,1.2596243502000455
411,164933,TASA 22,Estanca,P,CA,22.8,35.8,2021-01-12 07:48:00,22.8,,,32.395047800000064,3.404952199999933
412,164952,ZORRITOS 2,,T,,28.1,64.9,2021-01-12 08:00:00,28.1,,,37.16504780000006,27.734952199999945
414,164935,TASA 424,Tradicional,P,,20.7,44.9,2021-01-12 09:29:00,20.7,,,30.50504780000006,14.394952199999938
415,164946,TASA 37,Estanca,P,SE,13.7,22.1,2021-01-12 11:05:00,13.7,,,23.220053936600607,1.1200539366006055
420,164956,TASA 32,Tradicional,P,,11.0,19.2,2021-01-12 16:02:00,11.0,,,21.17506878677301,1.9750687867730115
421,164937,TASA 417,Tradicional,P,,13.1,19.6,2021-01-12 17:38:00,13.1,,,22.669834125467688,3.069834125467686
422,164960,TASA 41,Frio,P,GF,7.1,18.4,2021-01-12 18:20:00,7.1,,,19.816115606644637,1.416115606644638
423,164962,TASA 418,Tradicional,P,,18.9,39.6,2021-01-12 19:41:00,18.9,,,28.862323021450663,10.737676978549338
426,164965,TASA 411,Estanca,P,SE,20.6,39.0,2021-01-13 01:08:00,20.6,,,30.415047800000064,8.584952199999936
427,164966,TASA 218,Estanca,P,CA,19.6,36.3,2021-01-13 01:11:00,19.6,,,29.526266689825064,6.773733310174933
428,164967,TASA 420,Estanca,P,CA,20.1,39.4,2021-01-13 01:17:00,20.1,,,29.96504780000006,9.434952199999938
429,164968,TASA 36,Estanca,P,CA,20.2,32.0,2021-01-13 01:26:00,20.2,,,30.05504780000006,1.944952199999939
430,164969,TASA 17,Tradicional,P,,16.2,28.8,2021-01-13 02:40:00,16.2,,,25.90156456400112,2.8984354359988806
431,164970,TASA 35,Estanca,P,SE,13.2,22.7,2021-01-13 03:03:00,13.2,,,22.758092649406777,0.0580926494067775
432,164971,TASA 414,Estanca,P,CA,9.1,18.7,2021-01-13 03:17:00,9.1,,,20.393060091051545,1.6930600910515459
434,164973,TASA 426,Tradicional,P,,11.1,19.2,2021-01-13 04:08:00,11.1,,,21.230199051225057,2.0301990512250576
435,164974,TASA 315,Tradicional,P,,11.2,17.5,2021-01-13 04:35:00,11.2,,,21.286916218920197,3.7869162189201973
436,164976,TASA 34,Estanca,P,CA,14.0,20.8,2021-01-13 04:55:00,14.0,,,23.51263983891205,2.7126398389120503
437,164977,TASA 415,Estanca,P,SE,15.3,23.9,2021-01-13 04:55:00,15.3,,,24.886493657645758,0.9864936576457595
438,164989,COQUI II,,T,,15.6,22.7,2021-01-13 05:00:00,15.6,,,25.221348956119925,2.521348956119926
439,164990,SAN JUDAS II,,T,,17.1,23.0,2021-01-13 05:00:00,17.1,,,26.92737391016962,3.927373910169621
440,164992,MALAGA 1,,T,,11.4,18.4,2021-01-13 05:00:00,11.4,,,21.4051603956094,3.0051603956094013
441,164993,SAN JUDAS,,T,,15.3,21.1,2021-01-13 05:00:00,15.3,,,24.886493657645758,3.7864936576457566
442,164995,COQUI IX,,T,,8.2,19.0,2021-01-13 05:00:00,8.2,,,20.139528001310993,1.1395280013109925
443,164996,COQUI XII,,T,,14.4,20.6,2021-01-13 05:00:00,14.4,,,23.918747782114053,3.318747782114052
444,164975,TASA 21,Estanca,P,CA,9.1,18.9,2021-01-13 05:05:00,9.1,,,20.393060091051545,1.4930600910515466
445,164978,TASA 31,Tradicional,P,,12.3,22.2,2021-01-13 05:08:00,12.3,,,22.017578353325533,0.1824216466744666
446,164979,TASA 38,Estanca,P,CA,9.7,20.3,2021-01-13 05:46:00,9.7,,,20.5923144089126,0.2923144089125991
447,164980,TASA 412,Tradicional,P,,15.2,28.4,2021-01-13 06:53:00,15.2,,,24.775985882112778,3.6240141178872207
449,164982,TASA 37,Estanca,P,SE,13.1,23.8,2021-01-13 07:50:00,13.1,,,22.669834125467688,1.130165874532313
453,164991,COQUI X,,T,,14.2,20.2,2021-01-13 10:20:00,14.2,,,23.71353696558168,3.5135369655816824
455,164987,TASA 210,Tradicional,P,,7.5,17.9,2021-01-13 11:40:00,7.5,,,19.943796084667987,2.0437960846679886
457,164998,TASA 413,Tradicional,P,,16.1,37.9,2021-01-13 12:20:00,16.1,,,25.787560949349967,12.112439050650032
458,164997,TASA 310,Estanca,P,CA,12.7,19.1,2021-01-13 12:28:00,12.7,,,22.331466680224096,3.231466680224095
459,164999,TASA 424,Tradicional,P,,11.7,24.5,2021-01-13 13:48:00,11.7,,,21.594673927699418,2.905326072300582
460,165002,TASA 314,Estanca,P,CA,12.6,27.2,2021-01-13 15:51:00,12.6,,,22.25065324300408,4.949346756995919
461,165003,TASA 41,Frio,P,GF,16.3,23.7,2021-01-13 19:37:00,16.3,,,26.015701801633526,2.3157018016335265
464,165006,TASA 416,Estanca,P,CA,17.2,38.8,2021-01-13 23:36:00,17.2,,,27.040375649799955,11.759624350200042
465,165007,TASA 21,Estanca,P,CA,5.4,18.3,2021-01-14 02:02:00,5.4,,,18.896298761941598,0.5962987619415969
466,165008,TASA 417,Tradicional,P,,9.5,23.3,2021-01-14 02:40:00,9.5,,,20.521981464752102,2.7780185352478988
467,165012,TASA 34,Estanca,P,CA,6.8,17.8,2021-01-14 02:40:00,6.8,,,19.70621219795739,1.906212197957391
468,165011,TASA 32,Tradicional,P,,16.0,31.3,2021-01-14 02:46:00,16.0,,,25.673742664448042,5.6262573355519585
469,165013,TASA 31,Tradicional,P,,15.2,20.0,2021-01-14 02:50:00,15.2,,,24.775985882112778,4.775985882112778
470,165014,TASA 35,Estanca,P,CA,17.0,30.4,2021-01-14 03:00:00,17.0,,,26.814038685131038,3.5859613148689604
471,165015,TASA 415,Estanca,P,SE,10.6,26.0,2021-01-14 03:05:00,10.6,,,20.970073353712976,5.029926646287024
472,165016,TASA 426,Tradicional,P,,19.1,42.2,2021-01-14 03:08:00,19.1,,,29.05846954939358,13.141530450606425
473,165018,TASA 414,Estanca,P,CA,11.0,21.7,2021-01-14 03:13:00,11.0,,,21.17506878677301,0.5249312132269885
474,165020,TASA 412,Tradicional,P,,12.8,21.1,2021-01-14 03:26:00,12.8,,,22.41381220517252,1.3138122051725176
475,165009,TASA 210,Tradicional,P,,6.1,14.1,2021-01-14 03:50:00,6.1,,,19.37708315710669,5.27708315710669
476,165026,MALAGA 1,,T,,8.1,19.5,2021-01-14 04:00:00,8.1,,,20.112511646663656,0.6125116466636555
477,165027,COQUI II,,T,,8.0,20.7,2021-01-14 04:00:00,8.0,,,20.085367839104002,0.6146321608959973
479,165022,TASA 17,Tradicional,P,,3.9,16.1,2021-01-14 04:44:00,3.9,,,17.008077020446088,0.9080770204460862
480,165030,COQUI IX,,T,,7.5,17.4,2021-01-14 05:00:00,7.5,,,19.943796084667987,2.5437960846679886
481,165032,SAN JUDAS,,T,,7.4,17.6,2021-01-14 05:10:00,7.4,,,19.91346874160645,2.3134687416064494
482,165045,COQUI VI,,T,,10.6,20.6,2021-01-14 05:15:00,10.6,,,20.970073353712976,0.370073353712975
483,165023,TASA 36,Estanca,P,CA,16.4,30.8,2021-01-14 06:27:00,16.4,,,26.12992079803155,4.670079201968452
484,165029,SAN JUDAS II,,T,,10.7,20.3,2021-01-14 06:30:00,10.7,,,21.019033974080315,0.7190339740803147
485,165025,TASA 418,Tradicional,P,,12.0,20.3,2021-01-14 07:14:00,12.0,,,21.798838568256002,1.4988385682560015
487,165034,TASA 218,Estanca,P,CA,14.3,23.0,2021-01-14 08:20:00,14.3,,,23.815623163716708,0.8156231637167082
489,165036,TASA 420,Estanca,P,SE,11.0,23.1,2021-01-14 09:01:00,11.0,,,21.17506878677301,1.9249312132269907
490,165037,TASA 22,Estanca,P,CA,13.5,30.9,2021-01-14 09:03:00,13.5,,,23.031253985450377,7.868746014549622
494,165050,TASA 315,Tradicional,P,,10.9,18.4,2021-01-15 00:54:00,10.9,,,21.121510121349644,2.7215101213496453
495,165051,TASA 411,Estanca,P,CA,10.1,25.7,2021-01-15 01:28:00,10.1,,,20.74694606401208,4.953053935987921
496,165052,TASA 21,Estanca,P,CA,15.5,23.4,2021-01-15 03:02:00,15.5,,,25.10922429718451,1.7092242971845124
497,165057,COQUI X,,T,,12.7,18.9,2021-01-15 03:21:00,12.7,,,22.331466680224096,3.431466680224098
498,165058,COQUI XII,,T,,9.4,16.5,2021-01-15 03:22:00,9.4,,,20.48837452020826,3.9883745202082608
499,165063,MACABI 5,,T,,8.6,22.5,2021-01-15 05:01:00,8.6,,,20.248363537171315,2.251636462828685
500,165054,TASA 413,Tradicional,P,,10.6,20.1,2021-01-15 07:30:00,10.6,,,20.970073353712976,0.870073353712975
501,165053,TASA 416,Estanca,P,CA,8.2,16.6,2021-01-15 07:46:00,8.2,,,20.139528001310993,3.539528001310991
502,165055,TASA 61,Frio,P,GF,5.1,15.1,2021-01-15 10:34:00,5.1,,,18.62657374331798,3.5265737433179805
507,165076,ANTICA B,,T,,14.0,25.5,2021-01-15 23:00:00,14.0,,,23.51263983891205,1.987360161087949
508,165107,MODESTO,,T,,11.4,21.4,2021-01-15 23:00:00,11.4,,,21.4051603956094,0.0051603956094012915
509,165075,ZORRITOS 2,,T,,12.2,24.4,2021-01-16 00:00:00,12.2,,,21.94305719097865,2.456942809021349
511,165109,MACABI 10,,T,,5.9,19.4,2021-01-16 03:00:00,5.9,,,19.258092542727542,0.14190745727245613
512,165066,TASA 36,Estanca,P,CA,18.5,33.5,2021-01-16 03:11:00,18.5,,,28.456244683726965,5.043755316273035
513,165067,COQUI XII,,T,,14.6,21.8,2021-01-16 03:20:20,14.6,,,24.127946255419033,2.3279462554190324
514,165112,TINO,,T,,14.8,21.7,2021-01-16 03:21:00,14.8,,,24.340791022859037,2.6407910228590374
515,165068,SAN JUDAS,,T,,11.7,18.6,2021-01-16 03:21:25,11.7,,,21.594673927699418,2.9946739276994165
516,165069,COQUI IX,,T,,14.4,20.9,2021-01-16 03:22:14,14.4,,,23.918747782114053,3.0187477821140547
517,165070,TASA 416,Estanca,P,CA,14.8,30.7,2021-01-16 03:23:00,14.8,,,24.340791022859037,6.359208977140963
518,165071,TASA 314,Estanca,P,CA,14.5,29.0,2021-01-16 04:00:00,14.5,,,24.022869554228706,4.977130445771294
519,165072,TASA 310,Estanca,P,CA,16.5,32.7,2021-01-16 04:16:00,16.5,,,26.244169576012837,6.455830423987166
520,165073,TASA 22,Estanca,P,CA,10.6,19.5,2021-01-16 04:33:00,10.6,,,20.970073353712976,1.4700733537129764
521,165074,TASA 415,Estanca,P,SE,13.3,27.5,2021-01-16 04:37:00,13.3,,,22.847767569791998,4.652232430208002
522,165077,TASA 417,Tradicional,P,,13.6,26.5,2021-01-16 04:56:00,13.6,,,23.125005599522652,3.374994400477348
523,165100,COQUI X,,T,,12.1,21.3,2021-01-16 05:00:00,12.1,,,21.870140951006334,0.5701409510063336
524,165113,MACABI 5,,T,,14.1,29.6,2021-01-16 05:01:00,14.1,,,23.612529451676878,5.987470548323124
525,165078,TASA 34,Estanca,P,CA,19.4,32.6,2021-01-16 05:41:00,19.4,,,29.34319622341573,3.2568037765842703
526,165080,TASA 420,Estanca,P,SE,14.5,30.8,2021-01-16 06:07:00,14.5,,,24.022869554228706,6.777130445771295
528,165082,TASA 412,Tradicional,P,,9.4,18.2,2021-01-16 06:15:00,9.4,,,20.48837452020826,2.2883745202082615
529,165083,TASA 414,Estanca,P,CA,11.2,22.1,2021-01-16 06:18:00,11.2,,,21.286916218920197,0.8130837810798042
530,165084,TASA 424,Tradicional,P,,18.0,38.2,2021-01-16 06:20:00,18.0,,,27.926302091904063,10.27369790809594
531,165085,TASA 418,Tradicional,P,,9.9,20.2,2021-01-16 06:21:00,9.9,,,20.66717087971132,0.4671708797113219
532,165086,TASA 411,Estanca,P,CA,16.1,30.3,2021-01-16 06:30:00,16.1,,,25.787560949349967,4.512439050650034
534,165088,TASA 218,Estanca,P,CA,11.5,23.6,2021-01-16 06:37:00,11.5,,,21.466706061186215,2.133293938813786
535,165089,TASA 35,Estanca,P,SE,10.2,20.0,2021-01-16 06:44:00,10.2,,,20.78878868192622,0.7887886819262206
536,165102,COQUI II,,T,,12.6,18.2,2021-01-16 06:48:00,12.6,,,22.25065324300408,4.050653243004081
538,165103,COQUI VI,,T,,14.4,19.4,2021-01-16 06:56:00,14.4,,,23.918747782114053,4.518747782114055
539,165104,SAN JUDAS II,,T,,10.0,16.7,2021-01-16 06:58:00,10.0,,,20.706420800000018,4.0064208000000185
541,165092,TASA 315,Tradicional,P,,10.6,16.3,2021-01-16 07:33:00,10.6,,,20.970073353712976,4.670073353712976
542,165093,TASA 426,Tradicional,P,,16.2,34.7,2021-01-16 07:43:00,16.2,,,25.90156456400112,8.798435435998883
543,165094,TASA 38,Estanca,P,SE,8.5,16.4,2021-01-16 07:45:00,8.5,,,20.220843871736292,3.820843871736294
547,165099,TASA 32,Tradicional,P,,12.8,28.8,2021-01-16 10:45:00,12.8,,,22.41381220517252,6.386187794827482
550,165159,TINO,,T,,7.3,18.1,2021-01-17 00:00:00,7.3,,,19.882171123149547,1.7821711231495456
551,165139,MACABI 10,,T,,10.3,21.5,2021-01-17 00:29:00,10.3,,,20.831987793162497,0.6680122068375027
552,165141,ANTICA B,,T,,8.0,20.0,2021-01-17 00:33:00,8.0,,,20.085367839104002,0.08536783910400203
553,165115,TASA 51,Frio,P,GF,31.4,20.0,2021-01-17 00:40:00,31.4,,,40.13504780000006,20.13504780000006
554,165140,ZORRITOS 2,,T,,6.3,19.9,2021-01-17 00:50:00,6.3,,,19.483763492250215,0.41623650774978316
555,165142,MODESTO,,T,,10.1,22.1,2021-01-17 00:50:00,10.1,,,20.74694606401208,1.3530539359879228
561,165125,TASA 22,Estanca,P,CA,10.7,25.2,2021-01-17 02:37:00,10.7,,,21.019033974080315,4.180966025919684
564,165129,TASA 17,Tradicional,P,,10.6,21.5,2021-01-17 02:52:00,10.6,,,20.970073353712976,0.5299266462870236
565,165130,TASA 414,Estanca,P,CA,8.2,20.3,2021-01-17 02:56:00,8.2,,,20.139528001310993,0.1604719986890082
566,165131,TASA 38,Estanca,P,CA,8.3,19.5,2021-01-17 02:59:00,8.3,,,20.166521908937895,0.6665219089378951
567,165132,COQUI II,,T,,10.1,14.3,2021-01-17 03:07:30,10.1,,,20.74694606401208,6.446946064012078
568,165133,COQUI X,,T,,6.3,24.9,2021-01-17 03:08:48,6.3,,,19.483763492250215,5.416236507749783
569,165134,SAN JUDAS II,,T,,9.5,14.9,2021-01-17 03:09:39,9.5,,,20.521981464752102,5.621981464752102
570,165135,SAN JUDAS,,T,,6.3,14.3,2021-01-17 03:10:26,6.3,,,19.483763492250215,5.183763492250215
571,165161,MALAGA 1,,T,,5.3,21.4,2021-01-17 03:28:00,5.3,,,18.811224653769692,2.5887753462303067
572,165136,COQUI IX,,T,,9.0,15.2,2021-01-17 03:31:50,9.0,,,20.362902113187005,5.162902113187005
573,165137,TASA 31,Tradicional,P,,8.9,17.8,2021-01-17 03:57:00,8.9,,,20.33343169981577,2.533431699815768
574,165138,COQUI VI,,T,,7.6,14.8,2021-01-17 04:09:31,7.6,,,19.97328541489952,5.173285414899521
575,165143,COQUI XII,,T,,7.5,14.5,2021-01-17 04:44:49,7.5,,,19.943796084667987,5.443796084667987
576,165156,MACABI 5,,T,,8.4,20.8,2021-01-17 05:40:00,8.4,,,20.193594659547834,0.6064053404521665
577,165148,TASA 418,Tradicional,P,,10.7,21.4,2021-01-17 06:27:00,10.7,,,21.019033974080315,0.3809660259196832
578,165150,TASA 32,Tradicional,P,,8.1,21.1,2021-01-17 07:54:00,8.1,,,20.112511646663656,0.9874883533363459
579,165153,TASA 411,Estanca,P,SE,9.2,19.3,2021-01-17 09:12:00,9.2,,,20.423978797603596,1.1239787976035949
580,165155,TASA 426,Tradicional,P,,9.7,19.2,2021-01-17 10:22:00,9.7,,,20.5923144089126,1.3923144089126005
581,165181,COQUI X,,T,,5.0,16.6,2021-01-17 22:00:00,5.0,,,18.526527659375002,1.926527659375001
582,165183,MALAGA 1,,T,,2.8,14.4,2021-01-17 22:30:00,2.8,,,14.45646388261505,0.05646388261505031
583,165166,MODESTO,,T,,8.9,19.9,2021-01-18 00:09:00,8.9,,,20.33343169981577,0.43343169981577034
584,165164,MACABI 10,,T,,10.1,20.1,2021-01-18 00:11:00,10.1,,,20.74694606401208,0.6469460640120772
585,165165,TASA 22,Estanca,P,CA,12.8,23.1,2021-01-18 01:59:00,12.8,,,22.41381220517252,0.6861877948274824
591,165173,TASA 21,Estanca,P,CA,5.8,16.7,2021-01-18 04:07:00,5.8,,,19.193494643737917,2.493494643737918
592,165174,TASA 315,Tradicional,P,,7.3,15.5,2021-01-18 04:22:00,7.3,,,19.882171123149547,4.382171123149547
594,165178,TASA 32,Tradicional,P,,9.8,21.2,2021-01-18 05:32:00,9.8,,,20.6291513777281,0.5708486222718996
596,165180,TASA 218,Estanca,P,CA,10.6,22.1,2021-01-18 10:05:00,10.6,,,20.970073353712976,1.129926646287025
599,165188,TASA 415,Estanca,P,SE,5.5,18.5,2021-01-18 20:35:00,5.5,,,18.976843120493843,0.47684312049384303
600,165189,TASA 417,Tradicional,P,,12.7,20.4,2021-01-18 20:42:00,12.7,,,22.331466680224096,1.9314666802240978
601,165190,TASA 36,Estanca,P,CA,8.6,18.6,2021-01-18 21:34:00,8.6,,,20.248363537171315,1.6483635371713135
602,165214,MACABI 10,,T,,9.7,24.9,2021-01-19 00:12:00,9.7,,,20.5923144089126,4.307685591087399
603,165215,MACABI 5,,T,,11.1,22.2,2021-01-19 00:22:00,11.1,,,21.230199051225057,0.9698009487749424
605,165193,TASA 412,Tradicional,P,,9.5,18.9,2021-01-19 00:34:00,9.5,,,20.521981464752102,1.6219814647521034
607,165195,TASA 416,Estanca,P,CA,11.9,19.6,2021-01-19 00:49:00,11.9,,,21.729156996426454,2.1291569964264525
610,165201,COQUI IX,,T,,5.9,14.3,2021-01-19 02:02:02,5.9,,,19.258092542727542,4.958092542727542
611,165202,COQUI XII,,T,,6.5,19.2,2021-01-19 02:03:03,6.5,,,19.579624531672167,0.37962453167216736
612,165203,COQUI VI,,T,,12.1,20.6,2021-01-19 02:03:56,12.1,,,21.870140951006334,1.2701409510063328
613,165204,COQUI II,,T,,9.8,18.1,2021-01-19 02:04:47,9.8,,,20.6291513777281,2.5291513777280983
614,165205,SAN JUDAS II,,T,,5.9,20.8,2021-01-19 02:05:27,5.9,,,19.258092542727542,1.5419074572724583
615,165206,SAN JUDAS,,T,,4.8,14.7,2021-01-19 02:06:15,4.8,,,18.309782885735174,3.609782885735175
617,165208,TASA 21,Estanca,P,CA,7.2,18.0,2021-01-19 02:20:00,7.2,,,19.8497668949993,1.8497668949992985
618,165209,TASA 315,Tradicional,P,,5.6,19.2,2021-01-19 02:30:00,5.6,,,19.053079877940043,0.14692012205995653
619,165210,TASA 31,Tradicional,P,,10.2,19.3,2021-01-19 02:38:00,10.2,,,20.78878868192622,1.48878868192622
620,165212,TASA 38,Estanca,P,CA,6.5,18.8,2021-01-19 02:45:00,6.5,,,19.579624531672167,0.7796245316721659
621,165213,TASA 32,Tradicional,P,,6.7,19.2,2021-01-19 03:03:00,6.7,,,19.666084282595733,0.46608428259573387
622,165217,TASA 420,Estanca,P,SE,11.0,22.1,2021-01-19 03:16:00,11.0,,,21.17506878677301,0.9249312132269907
623,165218,TASA 22,Estanca,P,CA,14.0,19.5,2021-01-19 03:25:00,14.0,,,23.51263983891205,4.012639838912051
625,165227,COQUI X,,T,,9.7,19.5,2021-01-19 04:00:00,9.7,,,20.5923144089126,1.0923144089125998
627,165222,TASA 218,Estanca,P,CA,9.4,20.1,2021-01-19 05:32:00,9.4,,,20.48837452020826,0.38837452020825936
632,165243,MACABI 10,,T,,9.6,20.3,2021-01-20 00:00:00,9.6,,,20.55660908392685,0.25660908392685045
633,165244,MACABI 5,,T,,11.8,20.1,2021-01-20 00:23:00,11.8,,,21.661101163587517,1.5611011635875158
634,165236,TASA 218,Estanca,P,CA,8.8,19.5,2021-01-20 00:57:00,8.8,,,20.304572326699287,0.8045723266992866
635,165237,TASA 36,Estanca,P,CA,8.4,20.5,2021-01-20 01:04:00,8.4,,,20.193594659547834,0.30640534045216583
636,165238,TASA 21,Estanca,P,CA,15.5,23.2,2021-01-20 01:16:00,15.5,,,25.10922429718451,1.9092242971845117
637,165239,TASA 38,Estanca,P,CA,4.5,15.6,2021-01-20 01:28:00,4.5,,,17.93924518733803,2.3392451873380313
638,165240,TASA 34,Estanca,P,CA,5.8,17.1,2021-01-20 01:50:00,5.8,,,19.193494643737917,2.093494643737916
639,165241,TASA 31,Tradicional,P,,8.3,20.4,2021-01-20 02:11:00,8.3,,,20.166521908937895,0.2334780910621035
641,165246,TASA 413,Tradicional,P,,7.5,19.0,2021-01-20 03:21:00,7.5,,,19.943796084667987,0.9437960846679871
642,165245,TASA 424,Tradicional,P,,10.8,19.3,2021-01-20 03:35:00,10.8,,,21.069505280306444,1.7695052803064435
643,165248,TASA 411,Estanca,P,CA,9.2,15.4,2021-01-20 03:43:00,9.2,,,20.423978797603596,5.023978797603595
644,165249,TASA 426,Tradicional,P,,12.3,20.0,2021-01-20 03:45:00,12.3,,,22.017578353325533,2.0175783533255327
645,165250,TASA 415,Estanca,P,SE,8.1,19.9,2021-01-20 04:17:00,8.1,,,20.112511646663656,0.21251164666365696
646,165251,TASA 414,Estanca,P,CA,11.3,19.2,2021-01-20 04:58:00,11.3,,,21.34523316811908,2.1452331681190806
647,165252,TASA 22,Estanca,P,CA,11.1,18.2,2021-01-20 05:37:00,11.1,,,21.230199051225057,3.0301990512250576
648,165253,TASA 315,Tradicional,P,,12.2,18.6,2021-01-20 05:46:00,12.2,,,21.94305719097865,3.343057190978648
650,165255,TASA 310,Estanca,P,CA,8.3,19.0,2021-01-20 06:53:00,8.3,,,20.166521908937895,1.166521908937895
651,165256,TASA 418,Tradicional,P,,10.3,21.3,2021-01-20 07:07:00,10.3,,,20.831987793162497,0.46801220683750344
653,165258,COQUI VI,,T,,7.3,15.1,2021-01-20 08:00:00,7.3,,,19.882171123149547,4.782171123149547
654,165259,SAN JUDAS,,T,,6.3,16.3,2021-01-20 08:00:00,6.3,,,19.483763492250215,3.1837634922502147
655,165260,SAN JUDAS II,,T,,12.4,21.8,2021-01-20 08:00:00,12.4,,,22.093693566531798,0.2936935665317968
656,165261,COQUI II,,T,,6.9,15.4,2021-01-20 08:00:00,6.9,,,19.744489199329685,4.344489199329685
657,165262,MALAGA 1,,T,,9.8,17.6,2021-01-20 08:00:00,9.8,,,20.6291513777281,3.0291513777280983
658,165263,COQUI IX,,T,,9.3,20.5,2021-01-20 08:00:00,9.3,,,20.45572808147348,0.044271918526519016
659,165264,COQUI X,,T,,8.0,18.6,2021-01-20 08:00:00,8.0,,,20.085367839104002,1.4853678391040006
660,165267,MACABI 5,,T,,6.4,17.0,2021-01-21 00:11:00,6.4,,,19.532956104773305,2.532956104773305
661,165266,MACABI 10,,T,,9.3,19.7,2021-01-21 00:15:00,9.3,,,20.45572808147348,0.7557280814734817
662,165265,TASA 314,Estanca,P,CA,5.5,14.7,2021-01-21 01:23:00,5.5,,,18.976843120493843,4.276843120493844
663,165299,COQUI VI,,T,,7.5,17.5,2021-01-21 05:00:00,7.5,,,19.943796084667987,2.443796084667987
664,165302,SAN JUDAS,,T,,4.4,14.8,2021-01-21 05:00:00,4.4,,,17.80257334934854,3.0025733493485376
665,165295,MALAGA 1,,T,,6.6,18.0,2021-01-21 05:00:00,6.6,,,19.62394375446072,1.6239437544607185
666,165296,COQUI II,,T,,6.2,15.2,2021-01-21 05:00:00,6.2,,,19.431867196051265,4.231867196051265
667,165297,COQUI X,,T,,9.3,19.5,2021-01-21 05:00:00,9.3,,,20.45572808147348,0.955728081473481
668,165281,TASA 315,Tradicional,P,,4.1,19.5,2021-01-21 07:40:00,4.1,,,17.349247018542748,2.150752981457252
670,165290,TASA 31,Tradicional,P,,4.5,20.8,2021-01-21 08:30:00,4.5,,,17.93924518733803,2.8607548126619697
671,165291,TASA 38,Estanca,P,CA,3.4,17.8,2021-01-21 08:30:00,3.4,,,16.001243075415314,1.798756924584687
674,165288,TASA 41,Frio,P,GF,4.0,16.5,2021-01-21 09:30:00,4.0,,,17.182752523712,0.6827525237120007
681,165314,MACABI 10,,T,,11.4,22.6,2021-01-21 23:30:00,11.4,,,21.4051603956094,1.1948396043906016
682,165315,MACABI 5,,T,,7.9,21.1,2021-01-21 23:30:00,7.9,,,20.057987812371152,1.042012187628849
